	SNP	day1	day3	day5	day7
26	NS1_A309G_syn	0.0	0.0	0.0	1.0699999999999998
16	NS1_T411C_syn	0.0	1.14	3.2	7.1400000000000015
