	SNP	day1	day3	day5	day7
84	NA_C29T_T10I	30.89	24.42	27.51	27.46
85	NA_C32T_S11L	2.41	0.0	0.0	0.0
86	NA_G64A_V22I	1.66	8.0	1.5599999999999998	2.34
128	NA_G220A_E74K	0.0	1.12	0.0	0.0
129	NA_C482T_S161L	0.0	1.73	0.0	0.0
161	NA_G789T_E263D	0.0	0.0	1.59	0.0
89	NA_A898G_I300V	2.49	3.14	3.22	4.99
90	NA_A1195T_S399C	2.24	0.0	0.0	0.0
91	NA_A1294G_K432E	4.8500000000000005	2.85	2.32	0.0
92	NA_A1379G_K460R	27.04	30.66	34.86	34.23
