	SNP	day1	day3	day5	day7
73	NP_G101A_S34N	1.65	0.0	0.0	0.0
74	NP_G149A_S50N	1.96	1.4500000000000002	0.0	0.0
157	NP_G293A_R98K	0.0	0.0	1.8000000000000005	7.13
127	NP_G313A_V105M	0.0	1.06	0.0	0.0
76	NP_G350A_R117K	1.82	1.32	1.54	1.5
79	NP_G850A_A284T	5.38	6.419999999999999	5.57	8.33
160	NP_G1056A_M352I	0.0	0.0	1.88	0.0
82	NP_G1117A_A373T	15.68	13.900000000000002	22.25	33.64
