	SNP	day1	day3	day5	day7
30	PA_G21A_syn	3.790000000000001	0.0	8.709999999999999	0.0
31	PA_C39T_syn	1.5599999999999998	0.0	1.84	0.0
32	PA_C156T_syn	1.76	0.0	0.0	0.0
33	PA_G216A_syn	5.08	5.96	4.31	0.0
118	PA_G399A_syn	0.0	3.88	0.0	0.0
35	PA_T480C_syn	3.75	0.0	5.9	0.0
36	PA_C501T_syn	1.43	0.0	0.0	0.0
119	PA_C636T_syn	0.0	5.36	0.0	0.0
120	PA_C720T_syn	0.0	2.73	0.0	0.0
37	PA_C781T_syn	2.21	0.0	0.0	0.0
39	PA_G879A_syn	4.21	0.0	0.0	0.0
40	PA_C888T_syn	5.2200000000000015	2.56	2.3800000000000003	0.0
122	PA_C993T_syn	0.0	4.58	0.0	0.0
147	PA_G1116A_syn	0.0	0.0	1.49	0.0
44	PA_G1134A_syn	1.37	0.0	0.0	0.0
148	PA_C1161T_syn	0.0	0.0	1.36	0.0
46	PA_C1167T_syn	1.46	0.0	0.0	0.0
48	PA_C1249T_syn	1.76	0.0	0.0	0.0
149	PA_C1428T_syn	0.0	0.0	1.92	0.0
124	PA_C1557T_syn	0.0	2.44	0.0	0.0
150	PA_T1605C_syn	0.0	0.0	1.89	0.0
125	PA_C1648T_syn	0.0	5.01	2.22	0.0
151	PA_C1752T_syn	0.0	0.0	2.93	0.0
152	PA_T1764C_syn	0.0	0.0	4.33	0.0
50	PA_G1812A_syn	3.29	0.0	0.0	0.0
154	PA_C1917T_syn	0.0	0.0	4.5	0.0
126	PA_C1921T_syn	0.0	5.2	1.65	0.0
53	PA_T2022C_syn	1.7000000000000002	0.0	0.0	0.0
