	SNP	day1	day3	day5	day7
109	PB1_C297T_syn	0.0	1.2	3.0	0.0
167	PB1_G381A_syn	0.0	0.0	0.0	1.55
110	PB1_C463T_syn	0.0	1.34	1.4	0.0
111	PB1_G540A_syn	0.0	1.12	0.0	0.0
23	PB1_G687A_syn	1.09	0.0	1.7399999999999998	0.0
24	PB1_C918T_syn	1.5	0.0	0.0	0.0
141	PB1_G1089A_syn	0.0	0.0	2.07	0.0
142	PB1_C1183T_syn	0.0	0.0	1.84	0.0
169	PB1_C1230T_syn	0.0	0.0	0.0	1.76
25	PB1_A1326G_syn	5.88	3.62	3.42	0.0
26	PB1_G1380A_syn	1.11	1.23	0.0	1.52
27	PB1_C1398T_syn	1.27	0.0	0.0	0.0
114	PB1_C1512T_syn	0.0	1.3299999999999998	10.36	10.98
115	PB1_G1647A_syn	0.0	1.55	2.5	0.0
143	PB1_C1765T_syn	0.0	0.0	8.53	11.79
116	PB1_C1857T_syn	0.0	1.12	1.11	0.0
28	PB1_T1870C_syn	1.24	1.55	1.32	0.0
144	PB1_C2031T_syn	0.0	0.0	1.86	0.0
117	PB1_C2244T_syn	0.0	1.38	4.3	0.0
