	SNP	day1	day3	day5	day7
1	PB2_C93T_syn	1.84	3.58	2.04	0.0
2	PB2_G216A_syn	4.65	4.51	5.3199999999999985	0.0
134	PB2_G480A_syn	0.0	0.0	1.94	0.0
102	PB2_G633A_syn	0.0	1.2	0.0	0.0
103	PB2_C714T_syn	0.0	1.4	1.36	0.0
5	PB2_C732T_syn	1.14	0.0	0.0	0.0
136	PB2_G924A_syn	0.0	0.0	1.16	0.0
7	PB2_C990T_syn	25.62	27.74	32.24	45.44000000000001
8	PB2_A1077G_syn	3.17	2.92	2.0	0.0
9	PB2_G1083A_syn	12.4	11.04	12.989999999999998	5.29
10	PB2_G1125A_syn	1.88	1.21	1.36	0.0
11	PB2_C1134T_syn	3.47	2.14	1.3	0.0
137	PB2_G1143A_syn	0.0	0.0	1.44	0.0
12	PB2_G1164A_syn	1.87	1.4200000000000002	2.09	0.0
13	PB2_G1278A_syn	4.82	4.36	5.55	0.0
14	PB2_C1282T_syn	3.28	3.1	5.52	0.0
15	PB2_C1290T_syn	12.27	10.6	13.73	5.6099999999999985
104	PB2_G1305A_syn	0.0	7.53	0.0	0.0
105	PB2_G1308A_syn	0.0	1.1900000000000002	0.0	1.67
16	PB2_G1329A_syn	10.99	9.61	11.06	6.17
17	PB2_C1333T_syn	3.19	4.32	2.82	2.24
106	PB2_A1461G_syn	0.0	3.02	0.0	0.0
139	PB2_C1518T_syn	0.0	0.0	1.6	7.13
107	PB2_A1749G_syn	0.0	5.88	0.0	0.0
19	PB2_C1819T_syn	27.0	29.32	32.78	44.96
140	PB2_C1906T_syn	0.0	0.0	1.88	0.0
20	PB2_C1977T_syn	5.36	4.99	6.02	0.0
