	SNP	day1	day3	day5	day7
44	HA_G410A_G137E	81.31	81.47999999999998	67.17999999999999	39.25
45	HA_G416T_R139I	1.2	0.0	0.0	0.0
132	HA_G452A_G151E	0.0	0.0	0.0	1.3
120	HA_G519A_M173I	0.0	0.0	13.87	41.86
46	HA_T580C_S194P	1.7399999999999998	0.0	0.0	0.0
121	HA_A596G_E199G	0.0	0.0	13.12	44.78
122	HA_C707A_S236Y	0.0	0.0	2.58	11.75
48	HA_G859A_E287K	5.28	7.649999999999999	6.2700000000000005	5.09
