	SNP	day1	day3	day5	day7
131	HA_C57T_syn	0.0	0.0	0.0	1.5599999999999998
133	HA_C462T_syn	0.0	0.0	0.0	1.32
47	HA_C607T_syn	1.64	1.83	2.25	0.0
123	HA_C736T_syn	0.0	0.0	12.98	43.44
49	HA_T1324C_syn	80.63	81.99	67.99	42.34
50	HA_G1344A_syn	1.12	0.0	0.0	0.0
51	HA_C1455T_syn	2.25	0.0	0.0	0.0
52	HA_C1497T_syn	79.66	81.21000000000002	66.97	39.99
