	SNP	day1	day3	day5	day7
100	NP_T66C_syn	0.0	2.0	0.0	0.0
53	NP_G78A_syn	1.44	0.0	2.36	7.08
54	NP_C132T_syn	1.62	0.0	2.43	7.400000000000001
56	NP_G342A_syn	1.22	1.7399999999999998	2.68	7.46
101	NP_C441A_syn	0.0	1.34	0.0	0.0
134	NP_G570A_syn	0.0	0.0	0.0	1.6
57	NP_C936T_syn	13.36	18.89	24.17	48.52
58	NP_C1110T_syn	2.94	3.64	2.27	0.0
59	NP_C1185T_syn	3.0	2.92	2.26	1.92
60	NP_C1353T_syn	1.32	0.0	0.0	1.11
61	NP_C1398T_syn	3.26	3.0700000000000003	2.27	1.8000000000000005
135	NP_T1488C_syn	0.0	0.0	0.0	2.96
