	SNP	day1	day3	day5	day7
72	NS1_G193A_V65M	2.56	2.07	1.47	0.0
104	NS1_G208A_E70K	0.0	1.67	0.0	0.0
73	NS1_C253T_P85S	22.8	16.66	8.03	1.4200000000000002
74	NS1_G301A_D101N	1.18	1.7399999999999998	1.08	0.0
75	NS1_G353A_R118K	2.36	1.89	2.86	2.33
76	NS1_G357A_M119I	1.72	0.0	0.0	0.0
105	NS1_A380C_N127T	0.0	1.68	0.0	0.0
83	NS1_G609A_W203*	21.31	15.6	8.12	1.3
85	NS1_G628A_G210R	1.48	4.78	2.8	1.37
109	NS1_C635T_S212F	0.0	1.17	0.0	0.0
