	SNP	day1	day3	day5	day7
97	PA_C249T_syn	0.0	1.78	0.0	1.28
24	PA_A417G_syn	2.72	2.6	2.86	1.4200000000000002
25	PA_G426A_syn	5.19	4.51	3.82	2.89
26	PA_G555A_syn	8.1	10.39	11.94	7.380000000000001
127	PA_C559T_syn	0.0	0.0	0.0	7.439999999999999
128	PA_C798T_syn	0.0	0.0	0.0	10.06
28	PA_C862T_syn	38.9	28.000000000000004	17.45	15.989999999999998
29	PA_C930T_syn	20.7	13.320000000000002	13.11	5.74
30	PA_C948T_syn	1.44	0.0	1.73	1.91
31	PA_C1024T_syn	3.5700000000000003	2.72	3.58	2.66
34	PA_G1134A_syn	1.6	0.0	1.7399999999999998	2.16
35	PA_C1140T_syn	1.38	0.0	0.0	0.0
129	PA_C1410T_syn	0.0	0.0	0.0	7.41
130	PA_C1444T_syn	0.0	0.0	0.0	10.26
98	PA_A1470G_syn	0.0	3.44	0.0	0.0
37	PA_G1602A_syn	21.88	13.4	12.04	7.1099999999999985
38	PA_G1671A_syn	3.06	6.32	5.58	4.18
39	PA_C1818T_syn	1.66	1.64	3.66	11.04
40	PA_C1842T_syn	17.5	11.19	10.46	5.7
41	PA_A1881G_syn	1.18	2.49	2.12	2.12
42	PA_C1917T_syn	4.62	3.02	3.2	1.9
99	PA_C2025T_syn	0.0	13.52	10.48	1.38
