	SNP	day1	day3	day5	day7
8	PB1_A270G_syn	4.2700000000000005	3.25	2.8400000000000003	1.52
91	PB1_C378T_syn	0.0	1.13	0.0	0.0
11	PB1_C664T_syn	2.59	1.82	0.0	0.0
92	PB1_C783T_syn	0.0	2.04	2.66	6.3
117	PB1_G861A_syn	0.0	0.0	14.75	43.7
13	PB1_C1186T_syn	3.16	1.66	0.0	0.0
15	PB1_T1243C_syn	2.28	0.0	0.0	0.0
16	PB1_G1380A_syn	4.4	2.46	2.76	4.67
94	PB1_C1398T_syn	0.0	2.35	2.94	5.91
17	PB1_C1494T_syn	15.18	11.06	6.52	4.04
95	PB1_G1593A_syn	0.0	1.68	1.32	0.0
96	PB1_G1635A_syn	0.0	2.5700000000000003	3.66	6.83
20	PB1_C1735T_syn	4.36	3.56	3.53	1.44
23	PB1_A2037G_syn	5.57	5.1	4.760000000000002	1.87
