	SNP	day1	day3	day5	day7
9	PB1_G560A_R187K	2.3	1.6	0.0	0.0
10	PB1_G598C_V200L	2.42	0.0	0.0	0.0
12	PB1_G860A_R287K	2.37	1.63	0.0	0.0
14	PB1_T1190C_I397T	1.32	1.02	0.0	0.0
93	PB1_G1390A_D464N	0.0	2.3800000000000003	1.8000000000000005	0.0
18	PB1_G1688A_R563K	17.0	13.900000000000002	6.94	4.8
19	PB1_C1697T_T566I	3.96	2.3800000000000003	2.58	4.26
21	PB1_T1795C_Y599H	1.96	0.0	0.0	0.0
22	PB1_T1826C_V609A	3.68	5.98	2.7	0.0
