	SNP	day1	day3	day5	day7
0	PB2_G96A_syn	53.99	38.39	20.75	8.8
2	PB2_G273T_syn	1.36	1.96	0.0	0.0
113	PB2_C393T_syn	0.0	0.0	12.13	27.69
114	PB2_C717T_syn	0.0	0.0	13.86	29.5
89	PB2_C888T_syn	0.0	1.88	0.0	0.0
3	PB2_C1326T_syn	2.07	7.380000000000001	5.0	0.0
125	PB2_C1512T_syn	0.0	0.0	0.0	1.3
90	PB2_G1596A_syn	0.0	10.48	8.790000000000001	0.0
4	PB2_G1896A_syn	3.87	2.77	0.0	0.0
5	PB2_A1923G_syn	2.24	0.0	0.0	0.0
6	PB2_C1971T_syn	1.9	6.64	4.26	0.0
