	SNP	day1	day3	day5	day7
1	PB2_T246G_N82K	46.94	32.129999999999995	16.08	5.59
115	PB2_C1358T_P453L	0.0	0.0	12.35	27.38
7	PB2_G2101A_D701N	6.98	16.650000000000002	39.35	56.64
116	PB2_G2108A_R703K	0.0	0.0	12.06	24.82
