	SNP	day3	day5	day7
48	M1_A75G_syn	0.0	0.0	2.53
49	M1_G288A_syn	0.0	0.0	3.28
50	M1_A402G_syn	0.0	0.0	2.56
51	M1_T411A_syn	0.0	0.0	1.94
52	M1_G414A_syn	0.0	0.0	1.8000000000000005
53	M1_C417T_syn	0.0	0.0	1.82
54	M1_C436T_syn	0.0	0.0	1.72
55	M1_A438G_syn	0.0	0.0	1.73
56	M1_T462C_syn	0.0	0.0	2.33
58	M1_G498A_syn	0.0	0.0	2.19
60	M1_T507C_syn	0.0	0.0	2.87
61	M1_C549T_syn	0.0	0.0	3.24
63	M1_T615C_syn	0.0	0.0	3.1
64	M1_T621C_syn	0.0	0.0	3.5900000000000003
65	M1_A651G_syn	0.0	0.0	3.52
66	M1_T657C_syn	0.0	0.0	3.14
67	M1_T684C_syn	0.0	0.0	3.6000000000000005
68	M1_A690G_syn	0.0	0.0	3.62
