	SNP	day1	day3	day5	day7
51	HA_C607T_syn	1.64	2.86	3.28	0.0
120	HA_A1068C_syn	0.0	0.0	0.0	2.8000000000000003
53	HA_C1311T_syn	1.25	0.0	1.52	2.89
54	HA_T1324C_syn	81.28	82.0	73.31	78.97999999999998
55	HA_C1455T_syn	1.24	0.0	1.58	3.01
56	HA_C1497T_syn	80.12	82.0	71.41	78.10000000000002
