	SNP	day1	day3	day5	day7
70	M1_T327C_syn	1.73	0.0	0.0	0.0
71	M1_C447T_syn	5.0	1.7000000000000002	1.99	3.0700000000000003
118	M1_G570A_syn	0.0	0.0	1.51	0.0
72	M1_G639A_syn	1.32	2.06	2.15	1.94
