	SNP	day1	day3	day5	day7
83	NEP_G537A_R22K	4.98	3.46	5.46	4.62
85	NEP_C570T_T33I	1.16	1.37	0.0	0.0
113	NEP_C582T_S37F	0.0	1.6	0.0	2.45
87	NEP_G609A_G46E	23.27	15.86	14.3	18.85
89	NEP_G628A_M52I	1.41	3.93	3.35	3.0300000000000007
91	NEP_C635T_L55F	1.23	1.3	0.0	0.0
114	NEP_A657C_N62T	0.0	3.3300000000000005	1.79	2.17
119	NEP_G671A_E67K	0.0	0.0	2.15	0.0
