	SNP	day1	day3	day5	day7
108	NP_G561A_syn	0.0	1.48	0.0	0.0
116	NP_G708A_syn	0.0	0.0	1.38	0.0
59	NP_C936T_syn	11.38	16.17	14.800000000000002	14.39
60	NP_C1110T_syn	2.34	3.53	3.74	4.3
61	NP_C1185T_syn	3.1	6.710000000000001	3.86	4.2700000000000005
62	NP_C1398T_syn	3.24	6.74	3.94	4.590000000000002
