	SNP	day1	day3	day5	day7
110	NS1_G193A_V65M	0.0	4.0	2.39	3.34
74	NS1_G208A_E70K	1.08	0.0	1.3299999999999998	0.0
75	NS1_C253T_P85S	23.5	16.79	16.220000000000002	19.1
76	NS1_G301A_D101N	1.1900000000000002	0.0	1.4	0.0
77	NS1_G353A_R118K	1.8000000000000005	1.61	2.43	2.0
78	NS1_G357A_M119I	1.31	0.0	0.0	0.0
81	NS1_C484T_P162S	1.4	1.34	0.0	0.0
86	NS1_G609A_W203*	23.27	15.86	14.3	18.85
88	NS1_G628A_G210R	1.41	3.93	3.35	3.0300000000000007
90	NS1_C635T_S212F	1.23	1.3	0.0	0.0
