	SNP	day1	day3	day5	day7
36	PA_G806A_R269K	1.22	1.83	0.0	0.0
37	PA_C811T_P271S	9.01	10.16	17.41	0.0
41	PA_C1070T_T357I	8.84	10.42	17.05	0.0
42	PA_A1076G_N359S	40.49	27.94	55.96	48.84000000000001
43	PA_G1552A_V518I	5.06	4.08	0.0	0.0
105	PA_G1660A_V554I	0.0	4.17	0.0	0.0
106	PA_G1924T_A642S	0.0	1.82	0.0	0.0
48	PA_C2014T_L672F	14.47	13.2	7.1800000000000015	0.0
107	PA_G2044A_D682N	0.0	3.8	0.0	0.0
