	SNP	day1	day3	day5	day7
31	PA_C249T_syn	1.36	0.0	0.0	0.0
102	PA_C261T_syn	0.0	3.7000000000000006	0.0	0.0
32	PA_A417G_syn	3.34	4.0	0.0	0.0
33	PA_G426A_syn	7.26	6.710000000000001	0.0	0.0
34	PA_G555A_syn	9.22	7.28	0.0	46.47
35	PA_C559T_syn	1.24	7.03	0.0	0.0
103	PA_C723T_syn	0.0	7.42	0.0	0.0
38	PA_C862T_syn	40.35	28.19	54.53	48.53
39	PA_C930T_syn	13.48	12.6	7.27	0.0
40	PA_C1024T_syn	5.04	4.36	0.0	0.0
104	PA_C1140T_syn	0.0	2.76	0.0	0.0
44	PA_G1602A_syn	14.68	12.28	6.98	0.0
45	PA_G1671A_syn	5.58	0.0	0.0	0.0
46	PA_C1842T_syn	11.46	10.35	5.79	0.0
47	PA_C1917T_syn	4.73	4.48	0.0	0.0
