	SNP	day1	day3	day5	day7
10	PB1_A270G_syn	4.45	4.17	4.49	0.0
97	PB1_G411A_syn	0.0	2.96	1.86	0.0
11	PB1_C471T_syn	1.36	0.0	1.9	0.0
12	PB1_G513A_syn	1.52	0.0	0.0	0.0
15	PB1_C664T_syn	2.32	3.96	0.0	0.0
17	PB1_C1186T_syn	2.77	1.89	3.3000000000000003	0.0
19	PB1_T1243C_syn	1.48	1.59	3.02	0.0
20	PB1_G1380A_syn	4.95	3.04	3.0300000000000007	0.0
21	PB1_C1494T_syn	15.61	13.64	10.77	0.0
23	PB1_G1689A_syn	1.16	0.0	0.0	0.0
26	PB1_C1735T_syn	4.48	4.75	4.79	0.0
29	PB1_A2037G_syn	5.94	5.38	6.619999999999999	0.0
99	PB1_G2052A_syn	0.0	3.84	0.0	0.0
100	PB1_C2083T_syn	0.0	3.82	0.0	0.0
30	PB1_C2139T_syn	1.66	1.34	0.0	0.0
101	PB1_C2187T_syn	0.0	1.1900000000000002	0.0	0.0
