	SNP	day1	day3	day5	day7
0	PB2_A7C_syn	4.64	4.5	3.11	0.0
1	PB2_G96A_syn	55.54	41.54	36.81	24.26
3	PB2_G273T_syn	1.13	0.0	0.0	0.0
92	PB2_C393T_syn	0.0	1.4200000000000002	0.0	0.0
94	PB2_C717T_syn	0.0	1.5599999999999998	0.0	0.0
4	PB2_C1120T_syn	1.32	0.0	0.0	0.0
5	PB2_C1326T_syn	2.06	1.46	1.35	0.0
96	PB2_A1854G_syn	0.0	3.54	0.0	0.0
6	PB2_G1896A_syn	2.81	1.86	1.08	1.81
7	PB2_A1923G_syn	1.98	1.26	1.4	0.0
8	PB2_C1971T_syn	2.08	1.24	1.4200000000000002	0.0
