	SNP	day1	day3	day5	day7
48	HA_C96T_syn	9.12	1.96	0.0	0.0
127	HA_G384A_syn	0.0	2.42	1.55	0.0
57	HA_G516A_syn	2.14	0.0	0.0	0.0
58	HA_G525A_syn	1.54	2.97	6.510000000000002	0.0
128	HA_T648C_syn	0.0	2.34	1.93	0.0
63	HA_C1095T_syn	2.48	4.4	12.37	0.0
130	HA_C1197T_syn	0.0	8.7	26.700000000000006	0.0
64	HA_C1299T_syn	2.8	4.46	0.0	0.0
65	HA_G1401A_syn	2.94	29.24	27.92	0.0
68	HA_C1554T_syn	11.12	2.53	0.0	0.0
