	SNP	day1	day3	day5	day7
126	HA_G194A_R65K	0.0	1.65	0.0	0.0
49	HA_C236T_T79I	6.460000000000001	3.06	0.0	0.0
50	HA_G416A_R139K	4.8599999999999985	1.88	0.0	0.0
51	HA_A421G_N141D	36.87000000000001	26.1	20.86	0.0
52	HA_G427A_A143T	22.1	5.82	0.0	0.0
53	HA_G452A_G151E	4.84	5.33	7.07	0.0
54	HA_A491G_N164S	2.37	0.0	0.0	0.0
55	HA_A499G_N167D	46.95	37.44	34.8	0.0
56	HA_G505A_A169T	1.62	0.0	0.0	0.0
59	HA_A622G_N208D	2.9	1.7399999999999998	0.0	0.0
60	HA_G641A_G214E	2.34	0.0	0.0	0.0
61	HA_G667A_V223I	2.9	4.4	0.0	0.0
129	HA_T704A_L235Q	0.0	16.78	46.63	0.0
62	HA_G928A_A310T	2.3800000000000003	0.0	0.0	0.0
66	HA_G1537A_D513N	2.66	18.72	0.0	0.0
67	HA_T1544C_V515A	2.75	0.0	0.0	0.0
