	SNP	day1	day3	day5	day7
78	NA_C29T_T10I	30.380000000000006	38.32	51.53	47.84
79	NA_C32T_S11L	1.67	0.0	0.0	0.0
81	NA_C152T_T51I	1.4	0.0	0.0	0.0
138	NA_G410A_R137K	0.0	1.36	0.0	0.0
168	NA_A587C_N196T	0.0	0.0	1.22	0.0
83	NA_A898G_I300V	2.58	7.1	2.54	0.0
139	NA_G1148A_R383K	0.0	1.09	1.16	0.0
84	NA_A1195T_S399C	3.67	1.8000000000000005	2.76	0.0
85	NA_A1294G_K432E	2.66	1.4200000000000002	1.78	0.0
86	NA_A1379G_K460R	28.28	22.26	12.34	16.71
