	SNP	day1	day3	day5	day7
69	NP_G101A_S34N	1.48	0.0	0.0	0.0
70	NP_G149A_S50N	2.18	2.8	0.0	0.0
165	NP_A187G_I63V	0.0	0.0	1.43	0.0
131	NP_C244T_H82Y	0.0	1.24	0.0	0.0
72	NP_G350A_R117K	1.21	0.0	0.0	0.0
73	NP_G850A_A284T	5.98	4.93	1.8000000000000005	0.0
135	NP_C1007T_A336V	0.0	1.7000000000000002	4.18	0.0
76	NP_G1117A_A373T	11.78	14.66	14.93	14.61
