	SNP	day1	day3	day5	day7
180	NS1_T6C_syn	0.0	0.0	0.0	1.7500000000000002
92	NS1_C154T_syn	8.219999999999999	10.78	10.57	14.81
94	NS1_G210A_syn	1.14	1.11	0.0	0.0
182	NS1_C474T_syn	0.0	0.0	0.0	1.5
183	NS1_C480A_syn	0.0	0.0	0.0	4.14
