	SNP	day1	day3	day5	day7
26	PA_G21A_syn	4.16	2.78	0.0	0.0
27	PA_C156T_syn	2.52	0.0	0.0	0.0
28	PA_G216A_syn	4.34	4.04	8.02	0.0
30	PA_T480C_syn	4.72	3.1300000000000003	0.0	0.0
31	PA_C781T_syn	3.26	0.0	0.0	0.0
119	PA_G852A_syn	0.0	1.26	0.0	0.0
33	PA_G879A_syn	2.5	3.1	0.0	0.0
34	PA_C888T_syn	4.74	3.5000000000000004	0.0	0.0
120	PA_G1131A_syn	0.0	15.010000000000002	0.0	0.0
39	PA_C1167T_syn	2.98	0.0	0.0	0.0
41	PA_C1249T_syn	3.88	0.0	0.0	0.0
121	PA_C1509T_syn	0.0	4.3900000000000015	4.36	0.0
122	PA_G1593A_syn	0.0	1.99	0.0	0.0
44	PA_G1812A_syn	1.79	1.84	0.0	0.0
46	PA_T2022C_syn	2.55	0.0	0.0	0.0
