	SNP	day1	day3	day5	day7
164	PA_T10C_F4L	0.0	0.0	8.38	0.0
29	PA_A387G_I129M	1.34	0.0	0.0	0.0
118	PA_G691A_A231T	0.0	5.41	0.0	0.0
32	PA_C802T_L268F	2.71	2.35	0.0	0.0
35	PA_G1027A_A343T	2.66	2.69	0.0	0.0
36	PA_G1039A_D347N	2.41	2.07	0.0	0.0
37	PA_A1046G_E349G	5.87	8.58	8.16	0.0
38	PA_G1151A_C384Y	2.15	0.0	0.0	0.0
40	PA_A1226G_N409S	5.6	3.51	3.56	0.0
42	PA_G1342A_A448T	1.0699999999999998	0.0	0.0	0.0
123	PA_G1644A_M548I	0.0	3.66	9.84	0.0
43	PA_G1660A_V554I	1.89	3.0	0.0	0.0
45	PA_G1867A_E623K	4.97	5.6800000000000015	10.08	29.76
124	PA_G1882A_V628M	0.0	2.14	0.0	0.0
125	PA_G1891A_G631S	0.0	1.32	0.0	0.0
47	PA_A2063G_E688G	2.17	0.0	0.0	0.0
