	SNP	day1	day3	day5	day7
15	PB1_G226A_D76N	7.249999999999999	4.46	2.04	3.94
17	PB1_T448C_F150L	1.28	0.0	0.0	0.0
18	PB1_G452A_R151K	1.0699999999999998	11.7	1.7000000000000002	0.0
21	PB1_G769A_A257T	1.5599999999999998	10.88	1.58	0.0
22	PB1_G980A_R327K	1.52	0.0	0.0	0.0
161	PB1_G1082A_S361N	0.0	0.0	1.86	0.0
114	PB1_C1662A_D554E	0.0	9.68	1.24	0.0
116	PB1_A2044G_I682V	0.0	1.18	0.0	0.0
178	PB1_A2090G_E697G	0.0	0.0	0.0	4.26
25	PB1_A2270G_K757R	1.84	0.0	0.0	0.0
