	SNP	day1	day3	day5	day7
95	PB2_A161G_K54R	0.0	1.36	1.72	0.0
148	PB2_A553G_I185V	0.0	0.0	7.969999999999999	6.8199999999999985
97	PB2_G595A_A199T	0.0	1.96	6.05	7.88
149	PB2_C662T_A221V	0.0	0.0	1.3	0.0
2	PB2_G752A_R251K	2.12	0.0	0.0	0.0
99	PB2_T1225C_C409R	0.0	13.53	2.2	0.0
102	PB2_C1595T_S532L	0.0	3.26	0.0	0.0
155	PB2_C1601T_S534F	0.0	0.0	2.14	0.0
103	PB2_G1699A_D567N	0.0	2.0	10.66	9.93
157	PB2_G1762A_A588T	0.0	0.0	2.14	0.0
158	PB2_A1996T_T666S	0.0	0.0	1.4	0.0
159	PB2_C2021T_A674V	0.0	0.0	2.31	3.8
