	SNP	day1	day3	day5	day7
0	PB2_C93T_syn	1.27	4.04	0.0	0.0
1	PB2_G216A_syn	4.82	3.72	3.18	2.26
145	PB2_C237T_syn	0.0	0.0	13.86	14.73
146	PB2_T381C_syn	0.0	0.0	4.53	3.66
147	PB2_G414A_syn	0.0	0.0	14.74	14.19
176	PB2_A420G_syn	0.0	0.0	0.0	9.92
96	PB2_C522T_syn	0.0	1.24	1.96	0.0
98	PB2_C888T_syn	0.0	2.35	5.7700000000000005	7.7
150	PB2_G924A_syn	0.0	0.0	1.16	0.0
3	PB2_C990T_syn	30.15	37.74	26.36	34.52
4	PB2_A1077G_syn	3.76	0.0	1.54	0.0
5	PB2_G1083A_syn	14.96	17.93	9.91	5.9700000000000015
151	PB2_C1120T_syn	0.0	0.0	2.13	3.62
6	PB2_G1125A_syn	1.38	0.0	0.0	0.0
7	PB2_C1134T_syn	3.78	1.8000000000000005	0.0	0.0
152	PB2_G1164A_syn	0.0	0.0	9.08	7.22
8	PB2_G1278A_syn	4.62	3.22	3.25	2.6
9	PB2_C1282T_syn	1.58	1.68	0.0	0.0
10	PB2_C1290T_syn	15.43	17.94	9.79	6.0600000000000005
100	PB2_G1308A_syn	0.0	1.37	2.33	0.0
11	PB2_G1329A_syn	13.86	15.64	8.84	7.68
12	PB2_C1333T_syn	1.78	4.89	1.34	0.0
153	PB2_T1390C_syn	0.0	0.0	1.88	0.0
154	PB2_C1470T_syn	0.0	0.0	1.5599999999999998	0.0
101	PB2_G1476A_syn	0.0	3.99	2.09	0.0
156	PB2_C1711T_syn	0.0	0.0	1.4	0.0
104	PB2_C1747T_syn	0.0	2.54	6.419999999999999	8.01
13	PB2_C1819T_syn	30.5	39.07	25.67	36.3
14	PB2_C1977T_syn	5.34	3.66	3.84	2.5
105	PB2_G2058A_syn	0.0	2.95	2.07	0.0
