	SNP	day11	day13	day15
19	PA_C862T_syn	0.0	0.0	32.84
20	PA_C930T_syn	0.0	0.0	2.8400000000000003
22	PA_G1602A_syn	0.0	0.0	2.46
23	PA_C1842T_syn	0.0	0.0	2.0500000000000003
