	SNP	day1	day3	day5	day7
55	HA_C140T_A47V	1.4	0.0	0.0	0.0
56	HA_C236T_T79I	5.0200000000000005	0.0	0.0	0.0
57	HA_G416A_R139K	3.02	0.0	0.0	0.0
58	HA_A421G_N141D	28.1	20.52	4.55	0.0
59	HA_G427A_A143T	18.64	0.0	0.0	0.0
60	HA_G452A_G151E	4.58	2.3800000000000003	0.0	0.0
61	HA_A491G_N164S	1.11	0.0	0.0	0.0
62	HA_A499G_N167D	34.68	24.98	4.6	0.0
65	HA_A622G_N208D	1.46	0.0	0.0	0.0
66	HA_G641A_G214E	1.86	0.0	0.0	0.0
156	HA_A643G_S215G	0.0	0.0	2.42	7.739999999999998
67	HA_G667A_V223I	5.26	2.03	2.62	0.0
68	HA_C683A_A228E	25.16	58.23	91.11	98.35
69	HA_T704A_L235Q	4.31	5.71	4.7	0.0
124	HA_G735A_M245I	0.0	1.68	0.0	0.0
74	HA_T1544C_V515A	1.4	0.0	0.0	0.0
