	SNP	day1	day3	day5	day7
90	NA_G117A_syn	3.34	2.98	0.0	0.0
127	NA_C210T_syn	0.0	1.31	0.0	0.0
160	NA_G234A_syn	0.0	0.0	3.22	0.0
129	NA_C393T_syn	0.0	1.35	0.0	0.0
92	NA_C825T_syn	12.3	16.74	6.800000000000002	13.34
161	NA_A1083C_syn	0.0	0.0	3.63	0.0
189	NA_C1221T_syn	0.0	0.0	0.0	1.26
96	NA_C1242T_syn	1.3299999999999998	1.39	0.0	0.0
