	SNP	day1	day3	day5	day7
88	NA_C29T_T10I	34.34	19.0	47.54	43.56
89	NA_C32T_S11L	1.1	0.0	0.0	0.0
187	NA_G101A_G34E	0.0	0.0	0.0	1.58
91	NA_C152T_T51I	1.13	0.0	0.0	0.0
128	NA_G220A_E74K	0.0	1.99	0.0	0.0
188	NA_C731T_T244I	0.0	0.0	0.0	2.62
93	NA_A898G_I300V	2.78	7.86	3.6000000000000005	0.0
94	NA_G1093A_A365T	1.06	1.87	0.0	0.0
95	NA_A1195T_S399C	3.01	2.58	0.0	1.17
97	NA_A1294G_K432E	2.64	0.0	4.45	0.0
98	NA_A1379G_K460R	28.910000000000004	35.31	15.76	33.28
