	SNP	day1	day3	day5	day7
178	NP_A81G_syn	0.0	0.0	0.0	1.41
179	NP_T132C_syn	0.0	0.0	0.0	1.36
157	NP_G162A_syn	0.0	0.0	2.0	1.73
180	NP_G174A_syn	0.0	0.0	0.0	1.86
125	NP_G243A_syn	0.0	1.18	1.54	0.0
181	NP_C361A_syn	0.0	0.0	0.0	1.28
182	NP_G369A_syn	0.0	0.0	0.0	1.36
183	NP_G429A_syn	0.0	0.0	0.0	1.5699999999999998
80	NP_G486A_syn	1.04	0.0	0.0	0.0
184	NP_G555A_syn	0.0	0.0	0.0	1.47
185	NP_A756G_syn	0.0	0.0	0.0	11.28
81	NP_C825T_syn	1.16	0.0	0.0	0.0
158	NP_C843T_syn	0.0	0.0	19.8	2.28
83	NP_G885A_syn	1.36	0.0	0.0	0.0
186	NP_C912T_syn	0.0	0.0	0.0	1.4200000000000002
126	NP_G1011A_syn	0.0	2.75	1.73	6.1
84	NP_C1029T_syn	1.4500000000000002	2.68	1.9	0.0
85	NP_G1071A_syn	14.580000000000002	19.61	21.76	32.51
87	NP_C1251T_syn	4.8	2.86	2.28	5.89
