	SNP	day1	day3	day5	day7
76	NP_G101A_S34N	1.92	0.0	0.0	0.0
77	NP_G149A_S50N	3.14	2.62	0.0	0.0
78	NP_T326C_I109T	1.04	0.0	0.0	0.0
79	NP_G350A_R117K	1.37	2.82	1.14	4.19
82	NP_G850A_A284T	6.9	3.4799999999999995	0.0	0.0
86	NP_G1117A_A373T	15.54	20.67	23.51	34.02
159	NP_A1490G_D497G	0.0	0.0	1.32	6.5600000000000005
