	SNP	day1	day3	day5	day7
105	NS1_G4A_D2N	1.76	1.3	5.12	2.94
107	NS1_G133A_G45R	4.22	2.31	0.0	0.0
192	NS1_G143A_S48N	0.0	0.0	0.0	1.1900000000000002
193	NS1_C283T_L95F	0.0	0.0	0.0	2.26
164	NS1_G353A_R118K	0.0	0.0	1.47	0.0
133	NS1_G565A_D189N	0.0	2.43	0.0	0.0
165	NS1_G617A_S206N	0.0	0.0	1.4200000000000002	2.89
