	SNP	day1	day3	day5	day7
27	PA_G21A_syn	1.73	0.0	0.0	0.0
28	PA_C39T_syn	1.28	1.63	0.0	0.0
29	PA_C156T_syn	1.98	0.0	0.0	0.0
30	PA_G216A_syn	5.45	9.63	6.79	0.0
149	PA_C435T_syn	0.0	0.0	5.17	0.0
31	PA_T480C_syn	6.12	6.1	3.03	0.0
32	PA_C501T_syn	1.4200000000000002	0.0	0.0	0.0
33	PA_C523T_syn	1.2	0.0	0.0	0.0
120	PA_G537A_syn	0.0	2.32	0.0	0.0
150	PA_C720T_syn	0.0	0.0	3.94	0.0
34	PA_C781T_syn	3.25	0.0	0.0	0.0
151	PA_C850T_syn	0.0	0.0	3.82	0.0
36	PA_G852A_syn	1.38	0.0	0.0	0.0
37	PA_G879A_syn	1.4500000000000002	0.0	2.27	0.0
38	PA_C888T_syn	5.16	3.91	19.9	0.0
39	PA_C1024T_syn	1.34	0.0	0.0	0.0
44	PA_C1167T_syn	2.24	0.0	0.0	0.0
46	PA_C1249T_syn	2.8400000000000003	0.0	0.0	0.0
122	PA_T1440C_syn	0.0	2.54	0.0	0.0
47	PA_G1446A_syn	1.1900000000000002	0.0	0.0	0.0
152	PA_C1557T_syn	0.0	0.0	2.72	0.0
123	PA_C1749T_syn	0.0	1.32	0.0	0.0
48	PA_C1752T_syn	2.85	0.0	0.0	0.0
154	PA_T1758C_syn	0.0	0.0	1.4	0.0
49	PA_G1812A_syn	1.11	0.0	0.0	0.0
52	PA_T2022C_syn	2.42	0.0	0.0	0.0
