	SNP	day1	day3	day5	day7
148	PA_T12A_F4L	0.0	0.0	3.86	0.0
35	PA_C802T_L268F	4.26	3.99	11.06	0.0
40	PA_G1027A_A343T	2.7	0.0	2.41	0.0
41	PA_G1039A_D347N	2.6100000000000003	0.0	2.97	0.0
42	PA_A1046G_E349G	6.0	3.74	5.2	0.0
43	PA_G1151A_C384Y	1.97	0.0	0.0	0.0
45	PA_A1226G_N409S	5.18	7.32	12.75	0.0
121	PA_G1342A_A448T	0.0	4.03	0.0	0.0
153	PA_G1660A_V554I	0.0	0.0	2.74	0.0
50	PA_G1867A_E623K	6.32	12.4	9.07	0.0
51	PA_G1879A_G627R	1.85	3.05	1.7000000000000002	0.0
155	PA_G1882A_V628M	0.0	0.0	2.43	0.0
53	PA_A2063G_E688G	3.36	0.0	3.3000000000000003	0.0
