	SNP	day1	day3	day5	day7
20	PB1_G226A_D76N	8.42	6.239999999999998	3.4000000000000004	3.25
113	PB1_G632A_R211K	0.0	1.3299999999999998	0.0	0.0
173	PB1_A886G_T296A	0.0	0.0	0.0	2.04
22	PB1_G980A_R327K	1.47	1.02	1.5	0.0
115	PB1_A1042G_M348V	0.0	3.19	0.0	0.0
177	PB1_G2125A_V709I	0.0	0.0	0.0	8.82
26	PB1_A2270G_K757R	4.5699999999999985	0.0	0.0	0.0
