	SNP	day1	day3	day5	day7
143	PB1_G162A_syn	0.0	0.0	1.32	0.0
112	PB1_T294C_syn	0.0	3.72	0.0	0.0
21	PB1_C297T_syn	1.4	0.0	4.09	3.39
170	PB1_C390T_syn	0.0	0.0	0.0	6.04
171	PB1_G486A_syn	0.0	0.0	0.0	2.73
172	PB1_C634T_syn	0.0	0.0	0.0	2.44
114	PB1_G687A_syn	0.0	2.42	1.62	0.0
144	PB1_G756A_syn	0.0	0.0	1.18	6.800000000000002
145	PB1_G891A_syn	0.0	0.0	1.38	0.0
116	PB1_G1110A_syn	0.0	1.14	0.0	0.0
23	PB1_C1143T_syn	1.12	0.0	0.0	0.0
146	PB1_C1203T_syn	0.0	0.0	1.22	0.0
24	PB1_A1326G_syn	4.2700000000000005	4.14	5.19	4.04
117	PB1_G1647A_syn	0.0	2.18	1.48	0.0
147	PB1_A1668G_syn	0.0	0.0	1.08	0.0
118	PB1_C1726T_syn	0.0	1.22	0.0	0.0
119	PB1_C1797T_syn	0.0	4.05	0.0	0.0
174	PB1_C1860T_syn	0.0	0.0	0.0	2.06
175	PB1_T2001C_syn	0.0	0.0	0.0	2.0
176	PB1_C2019T_syn	0.0	0.0	0.0	5.71
25	PB1_G2073A_syn	1.4200000000000002	0.0	1.12	0.0
