	SNP	day1	day3	day5	day7
0	PB2_C93T_syn	2.0	1.25	1.61	0.0
1	PB2_G216A_syn	4.89	8.62	5.82	11.1
3	PB2_C990T_syn	30.74	28.6	25.32	14.52
4	PB2_A1077G_syn	2.98	1.89	2.34	7.979999999999999
5	PB2_G1083A_syn	12.96	8.98	6.8199999999999985	0.0
6	PB2_C1120T_syn	1.84	1.18	4.55	14.94
7	PB2_G1125A_syn	1.52	1.54	0.0	0.0
8	PB2_C1134T_syn	4.760000000000002	2.94	20.56	5.949999999999998
140	PB2_G1164A_syn	0.0	0.0	3.02	0.0
141	PB2_A1218G_syn	0.0	0.0	1.16	9.7
9	PB2_G1278A_syn	5.65	9.35	5.94	11.55
10	PB2_C1282T_syn	1.67	7.439999999999999	1.5599999999999998	0.0
11	PB2_C1290T_syn	13.22	8.74	6.98	0.0
142	PB2_G1305A_syn	0.0	0.0	1.18	0.0
12	PB2_G1329A_syn	12.48	8.94	6.419999999999999	0.0
13	PB2_C1333T_syn	2.41	1.96	1.52	0.0
14	PB2_G1476A_syn	1.34	1.22	0.0	0.0
16	PB2_C1819T_syn	31.3	29.24	27.37	16.35
17	PB2_C1977T_syn	6.45	9.4	6.9	11.92
19	PB2_G2058A_syn	1.11	0.0	0.0	0.0
