	SNP	day1	day3	day5	day7
110	PB2_G25A_D9N	0.0	2.0500000000000003	0.0	0.0
167	PB2_A161G_K54R	0.0	0.0	0.0	3.02
111	PB2_A260G_D87G	0.0	1.68	0.0	0.0
137	PB2_T548C_L183S	0.0	0.0	1.48	0.0
168	PB2_A727G_M243V	0.0	0.0	0.0	3.08
2	PB2_G752A_R251K	1.97	1.87	0.0	6.0600000000000005
138	PB2_G820A_A274T	0.0	0.0	1.7399999999999998	0.0
139	PB2_A856G_S286G	0.0	0.0	1.67	11.3
15	PB2_G1699A_D567N	2.56	2.07	8.0	18.89
169	PB2_C1763T_A588V	0.0	0.0	0.0	2.48
18	PB2_C2021T_A674V	1.73	0.0	4.0	14.28
