	gene	POS	REF	ALT	FREQ	SNP	% of population
0	PB2	464	G	A	0.0204	PB2_G464A_S155N	2.04
1	PB2	990	C	T	0.4544	PB2_C990T_syn	45.440000000000005
2	PB2	1083	G	A	0.0529	PB2_G1083A_syn	5.29
3	PB2	1290	C	T	0.0561	PB2_C1290T_syn	5.609999999999999
4	PB2	1308	G	A	0.0167	PB2_G1308A_syn	1.67
5	PB2	1329	G	A	0.0617	PB2_G1329A_syn	6.17
6	PB2	1333	C	T	0.0224	PB2_C1333T_syn	2.2399999999999998
7	PB2	1518	C	T	0.0713	PB2_C1518T_syn	7.13
8	PB2	1819	C	T	0.4496	PB2_C1819T_syn	44.96
9	PB2	2050	G	A	0.0178	PB2_G2050A_A684T	1.78
10	PB2	2131	A	G	0.0204	PB2_A2131G_N711D	2.04
11	PB1	226	G	A	0.0771	PB1_G226A_D76N	7.71
12	PB1	381	G	A	0.0155	PB1_G381A_syn	1.55
13	PB1	647	G	A	0.0195	PB1_G647A_S216N	1.95
14	PB1	1230	C	T	0.0176	PB1_C1230T_syn	1.76
15	PB1	1380	G	A	0.0152	PB1_G1380A_syn	1.52
16	PB1	1512	C	T	0.10979999999999998	PB1_C1512T_syn	10.979999999999999
17	PB1	1765	C	T	0.1179	PB1_C1765T_syn	11.790000000000001
18	PA	802	C	T	0.5253	PA_C802T_L268F	52.53
19	HA	421	A	G	0.2414	HA_A421G_N141D	24.14
20	HA	499	A	G	0.4063000000000001	HA_A499G_N167D	40.63000000000001
21	HA	683	C	A	0.4402	HA_C683A_A228E	44.019999999999996
22	HA	704	T	A	0.1554	HA_T704A_L235Q	15.540000000000001
23	NP	293	G	A	0.0713	NP_G293A_R98K	7.13
24	NP	350	G	A	0.015	NP_G350A_R117K	1.5
25	NP	850	G	A	0.0833	NP_G850A_A284T	8.33
26	NP	1071	G	A	0.3191	NP_G1071A_syn	31.91
27	NP	1117	G	A	0.33640000000000003	NP_G1117A_A373T	33.64
28	NP	1251	C	T	0.0449	NP_C1251T_syn	4.49
29	NA	29	C	T	0.2746	NA_C29T_T10I	27.46
30	NA	64	G	A	0.0234	NA_G64A_V22I	2.34
31	NA	702	C	T	0.0143	NA_C702T_syn	1.43
32	NA	825	C	T	0.1215	NA_C825T_syn	12.15
33	NA	898	A	G	0.0499	NA_A898G_I300V	4.99
34	NA	1053	G	A	0.0267	NA_G1053A_syn	2.67
35	NA	1242	C	T	0.0128	NA_C1242T_syn	1.28
36	NA	1379	A	G	0.3423	NA_A1379G_K460R	34.23
37	M1	80	G	A	0.0296	M1_G80A_R27K	2.96
39	M1	250	C	T	0.0132	M1_C250T_syn	1.32
41	M1	381	C	T	0.0153	M1_C381T_syn	1.53
43	NS1	154	C	T	0.0425	NS1_C154T_syn	4.25
45	NS1	301	G	A	0.0127	NS1_G301A_D101N	1.27
47	NS1	370	G	A	0.0192	NS1_G370A_V124M	1.92
50	NEP	676	G	A	0.017	NEP_G676A_syn	1.7000000000000002
