	gene	POS	REF	ALT	FREQ	SNP	% of population
0	PB2	216	G	A	0.0226	PB2_G216A_syn	2.26
1	PB2	237	C	T	0.1473	PB2_C237T_syn	14.729999999999999
2	PB2	381	T	C	0.0366	PB2_T381C_syn	3.66
3	PB2	414	G	A	0.1419	PB2_G414A_syn	14.19
4	PB2	420	A	G	0.0992	PB2_A420G_syn	9.92
5	PB2	553	A	G	0.0682	PB2_A553G_I185V	6.819999999999999
6	PB2	595	G	A	0.0788	PB2_G595A_A199T	7.88
7	PB2	888	C	T	0.077	PB2_C888T_syn	7.7
8	PB2	990	C	T	0.3452	PB2_C990T_syn	34.52
9	PB2	1083	G	A	0.0597	PB2_G1083A_syn	5.970000000000001
10	PB2	1120	C	T	0.0362	PB2_C1120T_syn	3.62
11	PB2	1164	G	A	0.0722	PB2_G1164A_syn	7.22
12	PB2	1278	G	A	0.026000000000000002	PB2_G1278A_syn	2.6
13	PB2	1290	C	T	0.0606	PB2_C1290T_syn	6.0600000000000005
14	PB2	1329	G	A	0.0768	PB2_G1329A_syn	7.68
15	PB2	1699	G	A	0.0993	PB2_G1699A_D567N	9.93
16	PB2	1747	C	T	0.0801	PB2_C1747T_syn	8.01
17	PB2	1819	C	T	0.363	PB2_C1819T_syn	36.3
18	PB2	1977	C	T	0.025	PB2_C1977T_syn	2.5
19	PB2	2021	C	T	0.038	PB2_C2021T_A674V	3.8
20	PB1	226	G	A	0.0394	PB1_G226A_D76N	3.94
21	PB1	463	C	T	0.1208	PB1_C463T_syn	12.08
22	PB1	1956	C	A	0.0352	PB1_C1956A_syn	3.52
23	PB1	2090	A	G	0.0426	PB1_A2090G_E697G	4.26
24	PA	1867	G	A	0.2976	PA_G1867A_E623K	29.759999999999998
25	NP	1071	G	A	0.1376	NP_G1071A_syn	13.76
26	NP	1117	G	A	0.1461	NP_G1117A_A373T	14.610000000000001
27	NP	1251	C	T	0.0338	NP_C1251T_syn	3.38
28	NA	29	C	T	0.4784	NA_C29T_T10I	47.839999999999996
29	NA	825	C	T	0.0627	NA_C825T_syn	6.2700000000000005
30	NA	1242	C	T	0.0361	NA_C1242T_syn	3.61
31	NA	1379	A	G	0.1671	NA_A1379G_K460R	16.71
32	M1	120	G	A	0.0453	M1_G120A_syn	4.53
34	M1	250	C	T	0.0253	M1_C250T_syn	2.53
36	M1	381	C	T	0.0236	M1_C381T_syn	2.36
38	M1	624	G	A	0.0477	M1_G624A_syn	4.77
40	M1	655	G	A	0.0118	M1_G655A_V219I	1.18
42	M1	666	C	T	0.051	M1_C666T_syn	5.1
45	M2	838	C	T	0.0812	M2_C838T_syn	8.12
46	NS1	6	T	C	0.0175	NS1_T6C_syn	1.7500000000000002
47	NEP	6	T	C	0.0175	NEP_T6C_syn	1.7500000000000002
48	NS1	133	G	A	0.032	NS1_G133A_G45R	3.2
50	NS1	154	C	T	0.1481	NS1_C154T_syn	14.81
52	NS1	474	C	T	0.015	NS1_C474T_syn	1.5
54	NS1	480	C	A	0.0414	NS1_C480A_syn	4.14
56	NS1	503	G	A	0.027999999999999997	NS1_G503A_G168E	2.8
57	NEP	503	G	A	0.027999999999999997	NEP_G503A_D11N	2.8
