	gene	POS	REF	ALT	FREQ	SNP	% of population
0	PB1	99	A	G	0.0391	PB1_A99G_syn	3.91
1	PB1	1785	G	A	0.0158	PB1_G1785A_syn	1.58
2	PB1	2076	C	T	0.015	PB1_C2076T_syn	1.5
3	PB1	2188	T	G	0.0135	PB1_T2188G_F730V	1.35
4	PA	1873	C	A	0.031	PA_C1873A_P625T	3.1
5	PA	1965	C	A	0.9996	PA_C1965A_syn	99.96000000000001
6	HA	421	A	G	0.9996	HA_A421G_N141D	99.96000000000001
7	HA	499	A	G	0.9999	HA_A499G_N167D	99.99
8	HA	704	T	A	0.9999	HA_T704A_L235Q	99.99
9	NA	29	C	T	1.0	NA_C29T_T10I	100.0
11	M2	838	C	T	0.9998	M2_C838T_syn	99.98
13	NEP	698	A	G	0.9996	NEP_A698G_I76V	99.96000000000001
