	gene	POS	REF	ALT	FREQ	SNP	% of population
0	PB2	272	T	C	0.048	PB2_T272C_V91A	4.8
1	PB2	312	A	T	0.013000000000000001	PB2_A312T_syn	1.3
2	PB2	1252	C	A	0.0386	PB2_C1252A_L418M	3.8600000000000003
3	PB2	1974	C	T	0.0333	PB2_C1974T_syn	3.3300000000000005
4	PB1	1587	G	A	0.0137	PB1_G1587A_syn	1.37
5	PB1	1879	C	T	0.0334	PB1_C1879T_P627S	3.34
6	PB1	2230	A	G	0.043	PB1_A2230G_M744V	4.3
7	PA	39	C	A	0.0407	PA_C39A_syn	4.07
8	PA	89	T	C	0.0448	PA_T89C_I30T	4.4799999999999995
9	PA	720	C	A	0.5552	PA_C720A_syn	55.52
10	PA	974	C	T	0.0109	PA_C974T_P325L	1.09
11	PA	1076	A	G	0.0132	PA_A1076G_N359S	1.32
12	PA	1988	G	A	0.0208	PA_G1988A_R663K	2.08
13	PA	2051	G	A	0.1184	PA_G2051A_G684E	11.84
14	HA	381	C	A	0.638	HA_C381A_D127E	63.800000000000004
15	HA	385	A	G	0.0482	HA_A385G_N129D	4.82
16	HA	391	G	A	0.017	HA_G391A_G131S	1.7000000000000002
17	HA	547	T	C	0.0945	HA_T547C_S183P	9.45
18	NP	1039	A	C	0.0301	NP_A1039C_I347L	3.01
19	NS1	521	T	C	0.583	NS1_T521C_V174A	58.3
20	NEP	521	T	C	0.583	NEP_T521C_S17P	58.3
22	NEP	685	G	A	0.0274	NEP_G685A_syn	2.74
