	gene	POS	REF	ALT	FREQ	SNP	% of population
0	PB2	36	G	A	0.0156	PB2_G36A_syn	1.5599999999999998
1	PB2	178	G	A	0.0306	PB2_G178A_D60N	3.06
2	PB1	43	C	A	0.0196	PB1_C43A_Q15K	1.96
3	PB1	342	T	C	0.0134	PB1_T342C_syn	1.34
4	PB1	675	T	C	0.0135	PB1_T675C_syn	1.35
5	PB1	871	A	G	0.0197	PB1_A871G_T291A	1.97
6	PB1	933	A	G	0.086	PB1_A933G_syn	8.6
7	PB1	2064	G	A	0.0134	PB1_G2064A_M688I	1.34
8	PA	624	A	G	0.054000000000000006	PA_A624G_syn	5.4
9	HA	381	C	A	0.3363	HA_C381A_D127E	33.629999999999995
10	HA	385	A	G	0.059000000000000004	HA_A385G_N129D	5.9
11	HA	391	G	A	0.0356	HA_G391A_G131S	3.56
12	HA	464	G	A	0.0175	HA_G464A_G155E	1.7500000000000002
13	HA	547	T	C	0.2882	HA_T547C_S183P	28.82
14	HA	571	C	A	0.1192	HA_C571A_L191I	11.92
15	HA	584	C	A	0.0113	HA_C584A_A195E	1.13
16	HA	589	A	G	0.0344	HA_A589G_T197A	3.44
17	HA	626	A	C	0.0143	HA_A626C_K209T	1.43
18	NP	765	C	T	0.0155	NP_C765T_syn	1.55
19	NP	885	G	A	0.0278	NP_G885A_syn	2.78
20	M1	75	G	A	0.0276	M1_G75A_syn	2.76
22	NS1	459	G	A	0.0199	NS1_G459A_syn	1.9900000000000002
