	gene	POS	REF	ALT	FREQ	SNP	% of population
0	PB1	735	G	A	0.0256	PB1_G735A_syn	2.56
1	PA	624	A	G	0.057999999999999996	PA_A624G_syn	5.8
2	HA	432	C	A	0.262	HA_C432A_D144E	26.200000000000003
3	HA	436	A	G	0.0204	HA_A436G_N146D	2.04
4	HA	442	G	A	0.0105	HA_G442A_G148S	1.05
5	HA	475	A	G	0.03	HA_A475G_K159E	3.0
6	HA	513	A	G	0.0183	HA_A513G_syn	1.83
7	HA	515	G	A	0.0567	HA_G515A_G172E	5.67
8	HA	598	T	C	0.2584	HA_T598C_S200P	25.840000000000003
9	HA	622	C	A	0.2734	HA_C622A_L208I	27.339999999999996
10	HA	635	C	A	0.0244	HA_C635A_A212E	2.44
11	HA	640	A	G	0.0436	HA_A640G_T214A	4.36
12	HA	677	A	C	0.0247	HA_A677C_K226T	2.4699999999999998
13	HA	695	C	T	0.0204	HA_C695T_A232V	2.04
14	HA	839	C	T	0.0154	HA_C839T_S280F	1.54
15	NP	885	G	A	0.0211	NP_G885A_syn	2.11
16	NS1	459	G	A	0.017	NS1_G459A_syn	1.7000000000000002
