	gene	POS	REF	ALT	FREQ	SNP	% of population
0	PB1	735	G	A	0.0256	PB1_G735A_syn	2.56
1	PA	624	A	G	0.057999999999999996	PA_A624G_syn	5.8
2	HA	381	C	A	0.262	HA_C381A_D127E	26.200000000000003
3	HA	385	A	G	0.0204	HA_A385G_N129D	2.04
4	HA	391	G	A	0.0105	HA_G391A_G131S	1.05
5	HA	340	A	G	0.03	HA_A340G_K142E	3.0
6	HA	462	A	G	0.0183	HA_A462G_syn	1.83
7	HA	464	G	A	0.0567	HA_G464A_G155E	5.67
8	HA	547	T	C	0.2584	HA_T547C_S183P	25.840000000000003
9	HA	571	C	A	0.2734	HA_C571A_L191I	27.339999999999996
10	HA	584	C	A	0.0244	HA_C584A_A195E	2.44
11	HA	589	A	G	0.0436	HA_A589G_T197A	4.36
12	HA	575	A	C	0.0247	HA_A575C_K209T	2.4699999999999998
13	HA	644	C	T	0.0204	HA_C644T_A215V	2.04
14	HA	788	C	T	0.0154	HA_C788T_S263F	1.54
15	NP	885	G	A	0.0211	NP_G885A_syn	2.11
16	NS1	459	G	A	0.017	NS1_G459A_syn	1.7000000000000002
