	gene	POS	REF	ALT	FREQ	SNP	% of population
0	PB1	43	C	G	0.024	PB1_C43G_Q15E	2.4
1	PB1	871	A	G	0.0266	PB1_A871G_T291A	2.6599999999999997
2	PA	624	A	G	0.0718	PA_A624G_syn	7.180000000000001
3	PA	1149	C	T	0.0116	PA_C1149T_syn	1.16
4	HA	381	C	A	0.2166	HA_C381A_D127E	21.66
5	HA	385	A	G	0.0578	HA_A385G_N129D	5.779999999999999
6	HA	424	A	G	0.0316	HA_A424G_K142E	3.16
7	HA	462	A	G	0.0214	HA_A462G_syn	2.1399999999999997
8	HA	464	G	A	0.0372	HA_G464A_G155E	3.7199999999999998
9	HA	547	T	C	0.2977	HA_T547C_S183P	29.770000000000003
10	HA	571	C	A	0.2438	HA_C571A_L191I	24.38
11	HA	584	C	A	0.0159	HA_C584A_A195E	1.59
12	HA	589	A	G	0.0445	HA_A589G_T197A	4.45
13	HA	626	A	C	0.0133	HA_A626C_K209T	1.3299999999999998
14	HA	644	C	T	0.0224	HA_C644T_A215V	2.2399999999999998
15	HA	788	C	T	0.0126	HA_C788T_S263F	1.26
16	NP	765	C	T	0.0195	NP_C765T_syn	1.95
17	NP	885	G	A	0.0292	NP_G885A_syn	2.92
18	NS1	459	G	A	0.0156	NS1_G459A_syn	1.5599999999999998
