	gene	POS	REF	ALT	FREQ	SNP	% of population
0	PB2	272	T	C	0.0486	PB2_T272C_V91A	4.859999999999999
1	PB2	1252	C	A	0.0616	PB2_C1252A_L418M	6.16
2	PB2	1974	C	T	0.1824	PB2_C1974T_syn	18.240000000000002
3	PB1	1587	G	A	0.039	PB1_G1587A_syn	3.9
4	PA	39	C	A	0.1571	PA_C39A_syn	15.709999999999999
5	PA	89	T	C	0.17300000000000001	PA_T89C_I30T	17.3
6	PA	720	C	A	0.0568	PA_C720A_syn	5.680000000000001
7	PA	2051	G	A	0.5286	PA_G2051A_G684E	52.86
8	HA	432	C	A	0.1579	HA_C432A_D144E	15.790000000000001
9	HA	436	A	G	0.0364	HA_A436G_N146D	3.64
10	HA	442	G	A	0.0262	HA_G442A_G148S	2.62
11	HA	598	T	C	0.1577	HA_T598C_S200P	15.770000000000001
12	NS1	329	A	G	0.013000000000000001	NS1_A329G_K110R	1.3
14	NS1	521	T	C	0.0634	NS1_T521C_V174A	6.34
15	NEP	521	T	C	0.0634	NEP_T521C_S17P	6.34
17	NEP	685	G	A	0.057999999999999996	NEP_G685A_syn	5.8
