	gene	POS	REF	ALT	FREQ	SNP	% of population
0	PA	624	A	G	0.0442	PA_A624G_syn	4.42
1	PA	1085	G	A	0.0155	PA_G1085A_R362K	1.55
2	PA	1170	T	C	0.0213	PA_T1170C_syn	2.13
3	PA	1407	G	A	0.0228	PA_G1407A_syn	2.2800000000000002
4	HA	381	C	A	0.4718	HA_C381A_D127E	47.18
5	HA	385	A	G	0.0209	HA_A385G_N129D	2.09
6	HA	418	G	A	0.0158	HA_G418A_G140R	1.58
7	HA	464	G	A	0.0204	HA_G464A_G155E	2.04
8	HA	547	T	C	0.3581	HA_T547C_S183P	35.809999999999995
9	HA	571	C	A	0.1508	HA_C571A_L191I	15.079999999999998
10	HA	584	C	A	0.0128	HA_C584A_A195E	1.28
11	HA	589	A	G	0.0447	HA_A589G_T197A	4.47
12	HA	1020	G	T	0.0196	HA_G1020T_syn	1.96
13	HA	1533	C	T	0.0185	HA_C1533T_syn	1.8499999999999999
14	NP	47	G	A	0.011000000000000001	NP_G47A_G16D	1.1
15	NP	765	C	T	0.020500000000000004	NP_C765T_syn	2.0500000000000003
16	NP	885	G	A	0.0261	NP_G885A_syn	2.6100000000000003
17	NS1	459	G	A	0.0357	NS1_G459A_syn	3.5700000000000003
