	gene	POS	REF	ALT	FREQ	SNP	% of population
0	PA	624	A	G	0.0442	PA_A624G_syn	4.42
1	PA	1085	G	A	0.0155	PA_G1085A_R362K	1.55
2	PA	1170	T	C	0.0213	PA_T1170C_syn	2.13
3	PA	1407	G	A	0.0228	PA_G1407A_syn	2.2800000000000002
4	HA	432	C	A	0.4718	HA_C432A_D144E	47.18
5	HA	436	A	G	0.0209	HA_A436G_N146D	2.09
6	HA	469	G	A	0.0158	HA_G469A_G157R	1.58
7	HA	515	G	A	0.0204	HA_G515A_G172E	2.04
8	HA	598	T	C	0.3581	HA_T598C_S200P	35.809999999999995
9	HA	622	C	A	0.1508	HA_C622A_L208I	15.079999999999998
10	HA	635	C	A	0.0128	HA_C635A_A212E	1.28
11	HA	640	A	G	0.0447	HA_A640G_T214A	4.47
12	HA	1071	G	T	0.0196	HA_G1071T_syn	1.96
13	HA	1584	C	T	0.0185	HA_C1584T_syn	1.8499999999999999
14	NP	47	G	A	0.011000000000000001	NP_G47A_G16D	1.1
15	NP	765	C	T	0.020500000000000004	NP_C765T_syn	2.0500000000000003
16	NP	885	G	A	0.0261	NP_G885A_syn	2.6100000000000003
17	NS1	459	G	A	0.0357	NS1_G459A_syn	3.5700000000000003
