	gene	POS	REF	ALT	FREQ	SNP	% of population
0	PB1	735	G	A	0.0627	PB1_G735A_syn	6.2700000000000005
1	PB1	871	A	G	0.0227	PB1_A871G_T291A	2.27
2	PB1	1978	G	A	0.0183	PB1_G1978A_V660I	1.83
3	PA	624	A	G	0.0676	PA_A624G_syn	6.76
4	HA	432	C	A	0.2971	HA_C432A_D144E	29.709999999999997
5	HA	436	A	G	0.0141	HA_A436G_N146D	1.41
6	HA	515	G	A	0.0314	HA_G515A_G172E	3.1399999999999997
7	HA	598	T	C	0.2902	HA_T598C_S200P	29.020000000000003
8	HA	622	C	A	0.2355	HA_C622A_L208I	23.549999999999997
9	HA	635	C	A	0.017	HA_C635A_A212E	1.7000000000000002
10	HA	640	A	G	0.034	HA_A640G_T214A	3.4000000000000004
11	HA	677	A	C	0.0189	HA_A677C_K226T	1.8900000000000001
12	HA	839	C	T	0.0116	HA_C839T_S280F	1.16
13	NP	765	C	T	0.0258	NP_C765T_syn	2.58
14	NP	885	G	A	0.0274	NP_G885A_syn	2.74
15	NS1	459	G	A	0.0168	NS1_G459A_syn	1.68
