	gene	POS	REF	ALT	FREQ	SNP	% of population
0	PB1	43	C	G	0.024	PB1_C43G_Q15E	2.4
1	PB1	871	A	G	0.0266	PB1_A871G_T291A	2.6599999999999997
2	PA	624	A	G	0.0718	PA_A624G_syn	7.180000000000001
3	PA	1149	C	T	0.0116	PA_C1149T_syn	1.16
4	HA	432	C	A	0.2166	HA_C432A_D144E	21.66
5	HA	436	A	G	0.0578	HA_A436G_N146D	5.779999999999999
6	HA	475	A	G	0.0316	HA_A475G_K159E	3.16
7	HA	513	A	G	0.0214	HA_A513G_syn	2.1399999999999997
8	HA	515	G	A	0.0372	HA_G515A_G172E	3.7199999999999998
9	HA	598	T	C	0.2977	HA_T598C_S200P	29.770000000000003
10	HA	622	C	A	0.2438	HA_C622A_L208I	24.38
11	HA	635	C	A	0.0159	HA_C635A_A212E	1.59
12	HA	640	A	G	0.0445	HA_A640G_T214A	4.45
13	HA	677	A	C	0.0133	HA_A677C_K226T	1.3299999999999998
14	HA	695	C	T	0.0224	HA_C695T_A232V	2.2399999999999998
15	HA	839	C	T	0.0126	HA_C839T_S280F	1.26
16	NP	765	C	T	0.0195	NP_C765T_syn	1.95
17	NP	885	G	A	0.0292	NP_G885A_syn	2.92
18	NS1	459	G	A	0.0156	NS1_G459A_syn	1.5599999999999998
