	gene	POS	REF	ALT	FREQ	SNP	% of population
0	PB1	735	G	A	0.0627	PB1_G735A_syn	6.2700000000000005
1	PB1	871	A	G	0.0227	PB1_A871G_T291A	2.27
2	PB1	1978	G	A	0.0183	PB1_G1978A_V660I	1.83
3	PA	624	A	G	0.0676	PA_A624G_syn	6.76
4	HA	381	C	A	0.2971	HA_C381A_D127E	29.709999999999997
5	HA	385	A	G	0.0141	HA_A385G_N129D	1.41
6	HA	464	G	A	0.0314	HA_G464A_G155E	3.1399999999999997
7	HA	547	T	C	0.2902	HA_T547C_S183P	29.020000000000003
8	HA	571	C	A	0.2355	HA_C571A_L191I	23.549999999999997
9	HA	584	C	A	0.017	HA_C584A_A195E	1.7000000000000002
10	HA	589	A	G	0.034	HA_A589G_T197A	3.4000000000000004
11	HA	626	A	C	0.0189	HA_A626C_K209T	1.8900000000000001
12	HA	788	C	T	0.0116	HA_C788T_S263F	1.16
13	NP	765	C	T	0.0258	NP_C765T_syn	2.58
14	NP	885	G	A	0.0274	NP_G885A_syn	2.74
15	NS1	459	G	A	0.0168	NS1_G459A_syn	1.68
