	gene	POS	REF	ALT	FREQ	SNP	% of population
0	HA	410	G	A	0.9972	HA_G410A_G137E	99.72
1	HA	1324	T	C	0.9998	HA_T1324C_syn	99.98
2	HA	1497	C	T	0.9996	HA_C1497T_syn	99.96000000000001
3	NP	1218	C	A	0.0136	NP_C1218A_syn	1.3599999999999999
4	NP	1230	C	T	0.0128	NP_C1230T_syn	1.28
5	NA	866	A	G	0.9994	NA_A866G_K289R	99.94
6	NA	903	G	A	0.9998	NA_G903A_syn	99.98
7	NA	916	G	A	0.9999	NA_G916A_A306T	99.99
8	M1	75	G	A	0.0105	M1_G75A_syn	1.05
11	M2	764	C	A	0.0146	M2_C764A_L26I	1.46
13	M2	962	G	A	0.0138	M2_G962A_V92I	1.38
