	gene	POS	REF	ALT	FREQ	SNP	% of population
0	PB2	1056	G	A	0.0216	PB2_G1056A_syn	2.16
1	PA	936	A	G	0.9999	PA_A936G_syn	99.99
2	HA	410	G	A	0.9995	HA_G410A_G137E	99.95
3	HA	1324	T	C	0.9996	HA_T1324C_syn	99.96000000000001
4	HA	1497	C	T	0.9996	HA_C1497T_syn	99.96000000000001
5	NP	501	G	A	0.9999	NP_G501A_M167I	99.99
6	NA	866	A	G	0.9996	NA_A866G_K289R	99.96000000000001
7	NA	903	G	A	0.9996	NA_G903A_syn	99.96000000000001
8	NA	916	G	A	0.9999	NA_G916A_A306T	99.99
