	gene	POS	REF	ALT	FREQ	SNP	% of population
0	PB2	2101	G	A	0.3002	PB2_G2101A_D701N	30.020000000000003
1	PB1	270	A	G	0.7292	PB1_A270G_syn	72.92
2	PB1	1173	A	C	0.1276	PB1_A1173C_K391N	12.76
3	PB1	1735	C	T	0.7358	PB1_C1735T_syn	73.58
4	PB1	2037	A	G	0.7448	PB1_A2037G_syn	74.48
5	PA	862	C	T	1.0	PA_C862T_syn	100.0
6	PA	1076	A	G	0.9998	PA_A1076G_N359S	99.98
7	HA	410	G	A	1.0	HA_G410A_G137E	100.0
8	HA	762	C	T	0.6082	HA_C762T_syn	60.81999999999999
9	HA	1324	T	C	0.9996	HA_T1324C_syn	99.96000000000001
10	HA	1497	C	T	0.9991	HA_C1497T_syn	99.91
11	NP	381	G	A	0.0216	NP_G381A_syn	2.16
12	NP	571	A	G	0.2903	NP_A571G_M191V	29.03
13	NA	866	A	G	1.0	NA_A866G_K289R	100.0
14	NA	903	G	A	0.9999	NA_G903A_syn	99.99
15	NA	916	G	A	0.9998	NA_G916A_A306T	99.98
16	M1	324	A	C	0.0592	M1_A324C_syn	5.92
18	M1	468	C	T	0.0568	M1_C468T_syn	5.680000000000001
20	M1	629	G	A	0.6696	M1_G629A_R210K	66.96
22	M1	655	G	A	0.2426	M1_G655A_V219I	24.26
24	NS1	39	C	T	0.0108	NS1_C39T_syn	1.08
26	NS1	253	C	T	0.0214	NS1_C253T_P85S	2.1399999999999997
28	NS1	436	C	T	0.7948	NS1_C436T_syn	79.47999999999999
30	NS1	537	G	A	0.1658	NS1_G537A_syn	16.580000000000002
31	NEP	537	G	A	0.1658	NEP_G537A_R22K	16.580000000000002
