	gene	POS	REF	ALT	FREQ	SNP	% of population
0	PB2	185	G	A	0.0738	PB2_G185A_R62K	7.380000000000001
1	PB2	524	G	A	0.0636	PB2_G524A_R175K	6.36
2	PB2	1963	G	A	0.0425	PB2_G1963A_V655M	4.25
3	PA	681	A	G	0.3924	PA_A681G_syn	39.24
4	HA	410	G	A	0.9995	HA_G410A_G137E	99.95
5	HA	1324	T	C	0.9997	HA_T1324C_syn	99.97
6	HA	1497	C	T	0.9996	HA_C1497T_syn	99.96000000000001
7	NA	903	G	A	0.9998	NA_G903A_syn	99.98
8	NA	916	G	A	0.9998	NA_G916A_A306T	99.98
10	NEP	756	A	T	0.0236	NEP_A756T_E95V	2.36
