	gene	POS	REF	ALT	FREQ	SNP	% of population
0	PB2	190	A	G	0.9922	PB2_A190G_M64V	99.22
1	PB2	206	A	G	0.9934	PB2_A206G_E69G	99.33999999999999
2	PB2	1974	C	T	0.0182	PB2_C1974T_syn	1.82
3	PA	796	C	T	0.3618	PA_C796T_R266C	36.18
4	HA	410	G	A	1.0	HA_G410A_G137E	100.0
5	HA	1324	T	C	0.9996	HA_T1324C_syn	99.96000000000001
6	HA	1497	C	T	0.9999	HA_C1497T_syn	99.99
7	NA	903	G	A	1.0	NA_G903A_syn	100.0
8	NA	916	G	A	0.9998	NA_G916A_A306T	99.98
9	NS1	253	C	T	0.0143	NS1_C253T_P85S	1.43
11	NS1	436	C	T	0.0202	NS1_C436T_syn	2.02
13	NS1	609	G	A	0.0131	NS1_G609A_W203*	1.31
14	NEP	609	G	A	0.0131	NEP_G609A_G46E	1.31
16	NEP	703	A	G	0.5396	NEP_A703G_syn	53.959999999999994
