	gene	POS	REF	ALT	FREQ	SNP	% of population
0	PB2	75	G	A	0.0116	PB2_G75A_syn	1.16
1	PB2	621	G	A	0.0142	PB2_G621A_syn	1.4200000000000002
2	PB1	1772	T	C	0.0178	PB1_T1772C_V591A	1.78
3	HA	410	G	A	0.9998	HA_G410A_G137E	99.98
4	HA	1324	T	C	0.9995	HA_T1324C_syn	99.95
5	HA	1497	C	T	0.9998	HA_C1497T_syn	99.98
6	NP	866	A	G	0.0148	NP_A866G_Y289C	1.48
7	NA	903	G	A	1.0	NA_G903A_syn	100.0
8	NA	916	G	A	0.9996	NA_G916A_A306T	99.96000000000001
