	gene	POS	REF	ALT	FREQ	SNP	% of population
0	PB2	1164	G	A	0.062	PB2_G1164A_syn	6.2
1	PB2	2101	G	A	0.1633	PB2_G2101A_D701N	16.33
2	HA	410	G	A	1.0	HA_G410A_G137E	100.0
3	HA	528	A	G	0.0927	HA_A528G_syn	9.27
4	HA	805	C	T	0.0448	HA_C805T_syn	4.4799999999999995
5	HA	1324	T	C	0.9998	HA_T1324C_syn	99.98
6	HA	1497	C	T	1.0	HA_C1497T_syn	100.0
7	NP	199	G	A	0.0187	NP_G199A_V67I	1.87
8	NP	1450	G	A	0.0134	NP_G1450A_E484K	1.34
9	NA	903	G	A	0.9998	NA_G903A_syn	99.98
10	NA	916	G	A	0.9998	NA_G916A_A306T	99.98
11	NS1	7	T	C	0.0537	NS1_T7C_S3P	5.37
12	NEP	7	T	C	0.0537	NEP_T7C_S3P	5.37
13	NS1	309	A	G	0.0107	NS1_A309G_syn	1.0699999999999998
15	NS1	411	T	C	0.0714	NS1_T411C_syn	7.140000000000001
