	gene	POS	REF	ALT	FREQ	SNP	% of population
0	PA	136	T	C	0.0152	PA_T136C_F46L	1.52
1	HA	410	G	A	0.9990000000000001	HA_G410A_G137E	99.9
2	HA	1324	T	C	0.9996	HA_T1324C_syn	99.96000000000001
3	HA	1497	C	T	1.0	HA_C1497T_syn	100.0
4	NA	866	A	G	0.9996	NA_A866G_K289R	99.96000000000001
5	NA	903	G	A	0.9999	NA_G903A_syn	99.99
6	NA	916	G	A	0.9999	NA_G916A_A306T	99.99
