	gene	POS	REF	ALT	FREQ	SNP	% of population
0	PB2	870	C	A	0.0963	PB2_C870A_syn	9.629999999999999
1	PB1	1198	A	G	0.0235	PB1_A1198G_T400A	2.35
2	HA	410	G	A	0.9996	HA_G410A_G137E	99.96000000000001
3	HA	1324	T	C	0.9999	HA_T1324C_syn	99.99
4	HA	1497	C	T	0.9993	HA_C1497T_syn	99.92999999999999
5	NA	866	A	G	0.9996	NA_A866G_K289R	99.96000000000001
6	NA	903	G	A	0.9995	NA_G903A_syn	99.95
7	NA	916	G	A	1.0	NA_G916A_A306T	100.0
8	M1	607	A	C	0.0424	M1_A607C_M203L	4.24
