	gene	POS	REF	ALT	FREQ	SNP	% of population
0	PB2	1605	G	A	0.0139	PB2_G1605A_M535I	1.39
1	HA	410	G	A	0.9996	HA_G410A_G137E	99.96000000000001
2	HA	1324	T	C	1.0	HA_T1324C_syn	100.0
3	HA	1497	C	T	1.0	HA_C1497T_syn	100.0
4	NP	1453	G	A	0.0253	NP_G1453A_G485R	2.53
5	NA	866	A	G	0.9996	NA_A866G_K289R	99.96000000000001
6	NA	903	G	A	0.9999	NA_G903A_syn	99.99
7	NA	916	G	A	0.9995	NA_G916A_A306T	99.95
