	gene	POS	REF	ALT	FREQ	SNP	% of population
0	PB2	96	G	A	0.015	PB2_G96A_syn	1.5
1	PB2	2101	G	A	0.4185	PB2_G2101A_D701N	41.85
2	PB1	270	A	G	0.5521	PB1_A270G_syn	55.21
3	PB1	648	C	T	0.0514	PB1_C648T_syn	5.140000000000001
4	PB1	1735	C	T	0.5547	PB1_C1735T_syn	55.47
5	PB1	2037	A	G	0.5757	PB1_A2037G_syn	57.57
6	PA	862	C	T	0.9986	PA_C862T_syn	99.86
7	PA	1076	A	G	0.9994	PA_A1076G_N359S	99.94
8	HA	410	G	A	0.9999	HA_G410A_G137E	99.99
9	HA	762	C	T	0.5334	HA_C762T_syn	53.339999999999996
10	HA	1324	T	C	0.9999	HA_T1324C_syn	99.99
11	HA	1497	C	T	0.9993	HA_C1497T_syn	99.92999999999999
12	NP	381	G	A	0.013999999999999999	NP_G381A_syn	1.4
13	NP	571	A	G	0.1597	NP_A571G_M191V	15.97
14	NA	866	A	G	0.9999	NA_A866G_K289R	99.99
15	NA	903	G	A	0.9996	NA_G903A_syn	99.96000000000001
16	NA	916	G	A	0.9996	NA_G916A_A306T	99.96000000000001
17	M1	489	G	A	0.0154	M1_G489A_syn	1.54
19	M1	629	G	A	0.5449	M1_G629A_R210K	54.49
21	M1	655	G	A	0.3645	M1_G655A_V219I	36.449999999999996
23	NS1	253	C	T	0.0235	NS1_C253T_P85S	2.35
25	NS1	436	C	T	0.5838	NS1_C436T_syn	58.379999999999995
27	NS1	537	G	A	0.3424	NS1_G537A_syn	34.239999999999995
28	NEP	537	G	A	0.3424	NEP_G537A_R22K	34.239999999999995
29	NS1	609	G	A	0.0252	NS1_G609A_W203*	2.52
30	NEP	609	G	A	0.0252	NEP_G609A_G46E	2.52
32	NEP	671	G	A	0.0265	NEP_G671A_E67K	2.65
