	gene	POS	REF	ALT	FREQ	SNP	% of population
0	HA	410	G	A	0.9990000000000001	HA_G410A_G137E	99.9
1	HA	1324	T	C	0.9995	HA_T1324C_syn	99.95
2	HA	1497	C	T	0.9998	HA_C1497T_syn	99.98
3	NA	903	G	A	0.9992	NA_G903A_syn	99.92
4	NA	916	G	A	0.9996	NA_G916A_A306T	99.96000000000001
6	NEP	820	C	T	0.0172	NEP_C820T_syn	1.72
