	gene	POS	REF	ALT	FREQ	SNP	% of population
0	PB1	270	A	G	0.9815	PB1_A270G_syn	98.15
1	PB1	648	C	T	0.0155	PB1_C648T_syn	1.55
2	PB1	1735	C	T	0.9808	PB1_C1735T_syn	98.08
3	PB1	2037	A	G	0.9816	PB1_A2037G_syn	98.16
4	PA	862	C	T	0.9674	PA_C862T_syn	96.74000000000001
5	PA	1076	A	G	0.9722	PA_A1076G_N359S	97.22
6	HA	410	G	A	0.9994	HA_G410A_G137E	99.94
7	HA	762	C	T	0.9706	HA_C762T_syn	97.06
8	HA	1324	T	C	0.9999	HA_T1324C_syn	99.99
9	HA	1497	C	T	0.9992	HA_C1497T_syn	99.92
10	NP	381	G	A	0.0219	NP_G381A_syn	2.19
11	NP	571	A	G	0.016	NP_A571G_M191V	1.6
12	NA	866	A	G	0.9986	NA_A866G_K289R	99.86
13	NA	903	G	A	0.9998	NA_G903A_syn	99.98
14	NA	916	G	A	0.9996	NA_G916A_A306T	99.96000000000001
15	M1	629	G	A	0.9751	M1_G629A_R210K	97.50999999999999
17	NS1	253	C	T	0.0276	NS1_C253T_P85S	2.76
19	NS1	436	C	T	0.9551	NS1_C436T_syn	95.50999999999999
21	NS1	609	G	A	0.0282	NS1_G609A_W203*	2.82
22	NEP	609	G	A	0.0282	NEP_G609A_G46E	2.82
