	gene	POS	REF	ALT	FREQ	SNP	% of population
0	PB1	270	A	G	0.98	PB1_A270G_syn	98.0
1	PB1	1735	C	T	0.9768	PB1_C1735T_syn	97.68
2	PB1	2037	A	G	0.9790000000000001	PB1_A2037G_syn	97.9
3	PA	862	C	T	0.9746	PA_C862T_syn	97.46000000000001
4	PA	1076	A	G	0.9814	PA_A1076G_N359S	98.14
5	HA	410	G	A	0.9988	HA_G410A_G137E	99.88
6	HA	762	C	T	0.9744	HA_C762T_syn	97.44
7	HA	1324	T	C	0.9996	HA_T1324C_syn	99.96000000000001
8	HA	1387	G	A	0.0172	HA_G1387A_E463K	1.72
9	HA	1497	C	T	0.9995	HA_C1497T_syn	99.95
10	NP	571	A	G	0.0812	NP_A571G_M191V	8.12
11	NA	866	A	G	0.9995	NA_A866G_K289R	99.95
12	NA	903	G	A	0.9999	NA_G903A_syn	99.99
13	NA	916	G	A	0.9998	NA_G916A_A306T	99.98
14	M1	132	G	A	0.0416	M1_G132A_syn	4.16
16	M1	629	G	A	0.9688	M1_G629A_R210K	96.88
18	NS1	253	C	T	0.0176	NS1_C253T_P85S	1.76
20	NS1	436	C	T	0.9714	NS1_C436T_syn	97.14
22	NS1	609	G	A	0.0176	NS1_G609A_W203*	1.76
23	NEP	609	G	A	0.0176	NEP_G609A_G46E	1.76
