	gene	POS	REF	ALT	FREQ	SNP	% of population
0	PB2	448	G	A	0.013000000000000001	PB2_G448A_G150S	1.3
1	PB2	1896	G	A	0.0449	PB2_G1896A_syn	4.49
2	PB1	288	A	G	0.0738	PB1_A288G_syn	7.380000000000001
3	PB1	699	G	A	0.086	PB1_G699A_syn	8.6
4	PB1	1102	G	A	0.0668	PB1_G1102A_V368I	6.68
5	HA	410	G	A	0.9990000000000001	HA_G410A_G137E	99.9
6	HA	615	G	A	0.1517	HA_G615A_syn	15.17
7	HA	739	A	C	0.0172	HA_A739C_N247H	1.72
8	HA	1324	T	C	0.9996	HA_T1324C_syn	99.96000000000001
9	HA	1497	C	T	0.9998	HA_C1497T_syn	99.98
10	NP	987	G	A	0.0755	NP_G987A_syn	7.55
11	NA	903	G	A	0.9999	NA_G903A_syn	99.99
12	NA	916	G	A	0.9994	NA_G916A_A306T	99.94
13	NS1	19	T	C	0.0126	NS1_T19C_S7P	1.26
14	NEP	19	T	C	0.0126	NEP_T19C_S7P	1.26
