	gene	POS	REF	ALT	FREQ	SNP	% of population
0	PB2	2101	G	A	0.0367	PB2_G2101A_D701N	3.6700000000000004
1	HA	410	G	A	0.9990000000000001	HA_G410A_G137E	99.9
2	HA	1324	T	C	0.9997	HA_T1324C_syn	99.97
3	HA	1497	C	T	1.0	HA_C1497T_syn	100.0
4	NA	693	C	A	0.011000000000000001	NA_C693A_N231K	1.1
5	NA	866	A	G	0.9996	NA_A866G_K289R	99.96000000000001
6	NA	903	G	A	0.9998	NA_G903A_syn	99.98
7	NA	916	G	A	0.9998	NA_G916A_A306T	99.98
