	gene	POS	REF	ALT	FREQ	SNP	% of population
0	PB2	1199	T	C	0.0162	PB2_T1199C_V400A	1.6199999999999999
1	PB2	1918	G	A	0.265	PB2_G1918A_V640M	26.5
2	PB2	1972	T	C	0.0133	PB2_T1972C_Y658H	1.3299999999999998
3	PB2	1985	C	T	0.026000000000000002	PB2_C1985T_T662I	2.6
4	PB1	1494	C	T	0.0134	PB1_C1494T_syn	1.34
5	HA	410	G	A	1.0	HA_G410A_G137E	100.0
6	HA	1324	T	C	0.9996	HA_T1324C_syn	99.96000000000001
7	HA	1497	C	T	0.9995	HA_C1497T_syn	99.95
8	NA	866	A	G	0.9998	NA_A866G_K289R	99.98
9	NA	903	G	A	1.0	NA_G903A_syn	100.0
10	NA	916	G	A	0.9999	NA_G916A_A306T	99.99
11	NA	1125	G	A	0.0534	NA_G1125A_syn	5.34
12	M1	249	C	T	0.0148	M1_C249T_syn	1.48
15	NEP	832	T	C	0.0511	NEP_T832C_syn	5.11
