	gene	POS	REF	ALT	FREQ	SNP	% of population
0	PB2	96	G	A	0.2707	PB2_G96A_syn	27.07
1	PB2	246	T	G	0.28300000000000003	PB2_T246G_N82K	28.300000000000004
2	PB2	1896	G	A	0.1016	PB2_G1896A_syn	10.16
3	PB2	2101	G	A	0.2849	PB2_G2101A_D701N	28.49
4	HA	410	G	A	0.3848	HA_G410A_G137E	38.48
5	HA	503	C	T	0.3127	HA_C503T_A168V	31.269999999999996
6	HA	1324	T	C	0.401	HA_T1324C_syn	40.1
7	HA	1497	C	T	0.3669	HA_C1497T_syn	36.69
8	NP	272	A	G	0.311	NP_A272G_K91R	31.1
9	NP	874	G	T	0.035	NP_G874T_E292*	3.5000000000000004
10	NP	936	C	T	0.3164	NP_C936T_syn	31.64
11	M1	220	C	T	0.0371	M1_C220T_syn	3.71
13	M1	447	C	T	0.0313	M1_C447T_syn	3.1300000000000003
15	M1	655	G	A	0.6116	M1_G655A_V219I	61.160000000000004
17	NS1	253	C	T	0.2149	NS1_C253T_P85S	21.490000000000002
19	NS1	353	G	A	0.05	NS1_G353A_R118K	5.0
21	NS1	436	C	T	0.308	NS1_C436T_syn	30.8
23	NS1	590	C	T	0.011000000000000001	NS1_C590T_T197I	1.1
24	NEP	590	C	T	0.011000000000000001	NEP_C590T_L40F	1.1
25	NS1	609	G	A	0.2126	NS1_G609A_W203*	21.26
26	NEP	609	G	A	0.2126	NEP_G609A_G46E	21.26
28	NEP	724	A	G	0.0357	NEP_A724G_syn	3.5700000000000003
