	gene	POS	REF	ALT	FREQ	SNP	% of population
0	PB1	537	G	A	0.0302	PB1_G537A_M179I	3.02
1	PB1	1500	A	G	0.026000000000000002	PB1_A1500G_syn	2.6
2	PA	674	G	T	0.0143	PA_G674T_S225I	1.43
3	HA	22	T	C	0.0184	HA_T22C_F8L	1.8399999999999999
4	HA	32	T	C	0.0172	HA_T32C_I11T	1.72
5	HA	410	G	A	0.9994	HA_G410A_G137E	99.94
6	HA	528	A	G	0.0176	HA_A528G_syn	1.76
7	HA	605	A	C	0.0274	HA_A605C_K202T	2.74
8	HA	1324	T	C	0.9998	HA_T1324C_syn	99.98
9	HA	1497	C	T	0.9998	HA_C1497T_syn	99.98
10	NA	903	G	A	0.9998	NA_G903A_syn	99.98
11	NA	916	G	A	0.9999	NA_G916A_A306T	99.99
12	NS1	7	T	C	0.0316	NS1_T7C_S3P	3.16
13	NEP	7	T	C	0.0316	NEP_T7C_S3P	3.16
14	NS1	411	T	C	0.0114	NS1_T411C_syn	1.1400000000000001
