	gene	POS	REF	ALT	FREQ	SNP	% of population
0	PB2	75	G	A	0.0264	PB2_G75A_syn	2.64
1	PB2	621	G	A	0.0135	PB2_G621A_syn	1.35
2	PB2	2151	G	A	0.0218	PB2_G2151A_syn	2.18
3	HA	410	G	A	0.9998	HA_G410A_G137E	99.98
4	HA	996	T	C	0.0394	HA_T996C_syn	3.94
5	HA	1324	T	C	0.9999	HA_T1324C_syn	99.99
6	HA	1497	C	T	0.9996	HA_C1497T_syn	99.96000000000001
7	HA	1548	T	C	0.0284	HA_T1548C_syn	2.8400000000000003
8	NA	903	G	A	0.9999	NA_G903A_syn	99.99
9	NA	916	G	A	0.9998	NA_G916A_A306T	99.98
10	M1	623	A	G	0.0204	M1_A623G_Q208R	2.04
12	NS1	425	A	G	0.0265	NS1_A425G_E142G	2.65
