	gene	POS	REF	ALT	FREQ	SNP	% of population
0	PA	1737	G	A	0.0157	PA_G1737A_M579I	1.5699999999999998
1	HA	410	G	A	0.9986	HA_G410A_G137E	99.86
2	HA	1324	T	C	0.9995	HA_T1324C_syn	99.95
3	HA	1497	C	T	0.9995	HA_C1497T_syn	99.95
4	NA	852	T	C	0.0157	NA_T852C_syn	1.5699999999999998
5	NA	903	G	A	0.9999	NA_G903A_syn	99.99
6	NA	916	G	A	0.9998	NA_G916A_A306T	99.98
7	NS1	7	T	C	0.0272	NS1_T7C_S3P	2.7199999999999998
8	NEP	7	T	C	0.0272	NEP_T7C_S3P	2.7199999999999998
