	gene	POS	REF	ALT	FREQ	SNP	% of population
0	PA	169	C	A	0.0118	PA_C169A_syn	1.18
1	HA	410	G	A	0.9994	HA_G410A_G137E	99.94
2	HA	1324	T	C	0.9992	HA_T1324C_syn	99.92
3	HA	1497	C	T	0.9990000000000001	HA_C1497T_syn	99.9
4	NA	866	A	G	0.9994	NA_A866G_K289R	99.94
5	NA	903	G	A	0.9996	NA_G903A_syn	99.96000000000001
6	NA	916	G	A	0.9992	NA_G916A_A306T	99.92
