	gene	POS	REF	ALT	FREQ	SNP	% of population
0	PB2	877	A	G	0.0142	PB2_A877G_R293G	1.4200000000000002
1	PB2	2101	G	A	0.0153	PB2_G2101A_D701N	1.53
2	PB1	2221	G	T	0.0146	PB1_G2221T_A741S	1.46
3	HA	22	T	C	0.0304	HA_T22C_F8L	3.04
4	HA	32	T	C	0.0325	HA_T32C_I11T	3.25
5	HA	410	G	A	0.9990000000000001	HA_G410A_G137E	99.9
6	HA	528	A	G	0.0397	HA_A528G_syn	3.9699999999999998
7	HA	880	G	A	0.0111	HA_G880A_G294R	1.11
8	HA	1324	T	C	0.9996	HA_T1324C_syn	99.96000000000001
9	HA	1497	C	T	1.0	HA_C1497T_syn	100.0
10	NA	903	G	A	0.9998	NA_G903A_syn	99.98
11	NA	916	G	A	0.9998	NA_G916A_A306T	99.98
12	NA	1212	T	C	0.0148	NA_T1212C_syn	1.48
13	NS1	7	T	C	0.0653	NS1_T7C_S3P	6.529999999999999
14	NEP	7	T	C	0.0653	NEP_T7C_S3P	6.529999999999999
15	NS1	411	T	C	0.032	NS1_T411C_syn	3.2
