	gene	POS	REF	ALT	FREQ	SNP	% of population
0	PA	936	A	G	0.9998	PA_A936G_syn	99.98
1	HA	410	G	A	0.9999	HA_G410A_G137E	99.99
2	HA	1324	T	C	0.9998	HA_T1324C_syn	99.98
3	HA	1497	C	T	0.9994	HA_C1497T_syn	99.94
4	NP	501	G	A	0.9997	NP_G501A_M167I	99.97
5	NA	234	G	A	0.0177	NA_G234A_syn	1.77
6	NA	866	A	G	0.9999	NA_A866G_K289R	99.99
7	NA	903	G	A	0.9998	NA_G903A_syn	99.98
8	NA	916	G	A	0.9996	NA_G916A_A306T	99.96000000000001
9	NS1	240	T	C	0.0176	NS1_T240C_syn	1.76
12	NEP	827	C	T	0.0224	NEP_C827T_Q119*	2.2399999999999998
