	gene	POS	REF	ALT	FREQ	SNP	% of population
0	PB2	767	A	G	0.0321	PB2_A767G_D256G	3.2099999999999995
1	PB2	1896	G	A	0.3184	PB2_G1896A_syn	31.840000000000003
2	PB1	1102	G	A	0.2588	PB1_G1102A_V368I	25.88
3	PB1	1112	A	G	0.1507	PB1_A1112G_E371G	15.07
4	HA	410	G	A	0.9995	HA_G410A_G137E	99.95
5	HA	1324	T	C	0.9996	HA_T1324C_syn	99.96000000000001
6	HA	1497	C	T	0.9992	HA_C1497T_syn	99.92
7	NP	987	G	A	0.018000000000000002	NP_G987A_syn	1.8000000000000003
8	NP	1006	G	A	0.055	NP_G1006A_A336T	5.5
9	NA	140	A	G	0.0229	NA_A140G_Q47R	2.29
10	NA	420	C	T	0.0488	NA_C420T_syn	4.88
11	NA	903	G	A	0.9995	NA_G903A_syn	99.95
12	NA	916	G	A	0.9998	NA_G916A_A306T	99.98
13	NS1	19	T	C	0.0635	NS1_T19C_S7P	6.35
14	NEP	19	T	C	0.0635	NEP_T19C_S7P	6.35
