	gene	POS	REF	ALT	FREQ	SNP	% of population
0	PB2	96	G	A	0.4514	PB2_G96A_syn	45.14
1	PB2	190	A	G	0.49700000000000005	PB2_A190G_M64V	49.7
2	PB2	206	A	G	0.5082	PB2_A206G_E69G	50.82
3	PB2	246	T	G	0.39899999999999997	PB2_T246G_N82K	39.9
4	PB2	1923	A	G	0.0198	PB2_A1923G_syn	1.9800000000000002
5	PB1	1380	G	A	0.07400000000000001	PB1_G1380A_syn	7.400000000000001
6	PB1	1697	C	T	0.0799	PB1_C1697T_T566I	7.99
7	PA	796	C	T	0.3084	PA_C796T_R266C	30.84
8	PA	862	C	T	0.3284	PA_C862T_syn	32.84
9	PA	930	C	T	0.0284	PA_C930T_syn	2.8400000000000003
10	PA	1076	A	G	0.3326	PA_A1076G_N359S	33.26
11	PA	1602	G	A	0.0246	PA_G1602A_syn	2.46
12	PA	1842	C	T	0.0205	PA_C1842T_syn	2.0500000000000003
13	PA	2014	C	T	0.0266	PA_C2014T_L672F	2.6599999999999997
14	HA	410	G	A	0.8748	HA_G410A_G137E	87.48
15	HA	416	G	T	0.0514	HA_G416T_R139I	5.140000000000001
16	HA	1324	T	C	0.8704	HA_T1324C_syn	87.03999999999999
17	HA	1497	C	T	0.8566	HA_C1497T_syn	85.66
18	NP	272	A	G	0.0815	NP_A272G_K91R	8.15
19	NP	936	C	T	0.0805	NP_C936T_syn	8.05
20	NP	1110	C	T	0.0539	NP_C1110T_syn	5.390000000000001
21	NP	1185	C	T	0.0236	NP_C1185T_syn	2.36
22	NP	1398	C	T	0.0231	NP_C1398T_syn	2.31
23	NA	246	C	T	0.0827	NA_C246T_syn	8.27
24	NA	866	A	G	0.0861	NA_A866G_K289R	8.61
25	NA	903	G	A	0.9844	NA_G903A_syn	98.44000000000001
26	NA	916	G	A	0.9854	NA_G916A_A306T	98.54
27	M1	447	C	T	0.0745	M1_C447T_syn	7.449999999999999
29	M1	655	G	A	0.17300000000000001	M1_G655A_V219I	17.3
32	M2	948	A	G	0.0456	M2_A948G_D87G	4.5600000000000005
33	NS1	140	G	A	0.0115	NS1_G140A_S47N	1.15
35	NS1	208	G	A	0.0161	NS1_G208A_E70K	1.6099999999999999
37	NS1	253	C	T	0.1154	NS1_C253T_P85S	11.540000000000001
39	NS1	301	G	A	0.0138	NS1_G301A_D101N	1.38
41	NS1	357	G	A	0.0416	NS1_G357A_M119I	4.16
43	NS1	380	A	C	0.015	NS1_A380C_N127T	1.5
45	NS1	436	C	T	0.2195	NS1_C436T_syn	21.95
47	NS1	537	G	A	0.0423	NS1_G537A_syn	4.2299999999999995
48	NEP	537	G	A	0.0423	NEP_G537A_R22K	4.2299999999999995
49	NS1	609	G	A	0.1144	NS1_G609A_W203*	11.44
50	NEP	609	G	A	0.1144	NEP_G609A_G46E	11.44
52	NEP	703	A	G	0.1675	NEP_A703G_syn	16.75
