	gene	POS	REF	ALT	FREQ	SNP	% of population
0	PA	936	A	G	0.9998	PA_A936G_syn	99.98
1	HA	272	C	T	0.0109	HA_C272T_S91L	1.09
2	HA	410	G	A	0.9990000000000001	HA_G410A_G137E	99.9
3	HA	1324	T	C	0.9996	HA_T1324C_syn	99.96000000000001
4	HA	1497	C	T	0.9992	HA_C1497T_syn	99.92
5	NP	501	G	A	0.9996	NP_G501A_M167I	99.96000000000001
6	NA	866	A	G	0.9999	NA_A866G_K289R	99.99
7	NA	903	G	A	0.9992	NA_G903A_syn	99.92
8	NA	916	G	A	0.9997	NA_G916A_A306T	99.97
