	gene	POS	REF	ALT	FREQ	SNP	% of population
0	PB2	595	G	T	0.0547	PB2_G595T_A199S	5.47
1	PB2	2101	G	A	0.0955	PB2_G2101A_D701N	9.55
2	PB1	246	T	C	0.0759	PB1_T246C_syn	7.59
3	HA	410	G	A	0.9996	HA_G410A_G137E	99.96000000000001
4	HA	675	T	C	0.0898	HA_T675C_syn	8.98
5	HA	695	T	C	0.3453	HA_T695C_V232A	34.53
6	HA	707	C	T	0.3409	HA_C707T_S236F	34.089999999999996
7	HA	762	C	T	0.3452	HA_C762T_syn	34.52
8	HA	1237	T	C	0.1263	HA_T1237C_F413L	12.629999999999999
9	HA	1324	T	C	0.9998	HA_T1324C_syn	99.98
10	HA	1497	C	T	0.9995	HA_C1497T_syn	99.95
11	NA	866	A	G	0.5816	NA_A866G_K289R	58.160000000000004
12	NA	903	G	A	0.9999	NA_G903A_syn	99.99
13	NA	916	G	A	0.9999	NA_G916A_A306T	99.99
14	M1	141	G	A	0.014000000000000002	M1_G141A_syn	1.4000000000000001
16	M1	514	C	A	0.015	M1_C514A_L172I	1.5
18	M1	535	A	C	0.067	M1_A535C_M179L	6.7
