	gene	POS	REF	ALT	FREQ	SNP	% of population
0	PB2	96	G	A	0.2426	PB2_G96A_syn	24.26
1	PB2	246	T	G	0.2051	PB2_T246G_N82K	20.51
2	PB2	1896	G	A	0.0181	PB2_G1896A_syn	1.81
3	PB2	2101	G	A	0.4307	PB2_G2101A_D701N	43.07
4	PA	555	G	A	0.4647	PA_G555A_syn	46.47
5	PA	862	C	T	0.4853	PA_C862T_syn	48.53
6	PA	1076	A	G	0.4884000000000001	PA_A1076G_N359S	48.84000000000001
7	HA	410	G	A	0.7781	HA_G410A_G137E	77.81
8	HA	1068	A	C	0.028000000000000004	HA_A1068C_syn	2.8000000000000003
9	HA	1311	C	T	0.028899999999999995	HA_C1311T_syn	2.8899999999999997
10	HA	1324	T	C	0.7898	HA_T1324C_syn	78.97999999999999
11	HA	1455	C	T	0.0301	HA_C1455T_syn	3.01
12	HA	1497	C	T	0.7810000000000001	HA_C1497T_syn	78.10000000000001
13	NP	272	A	G	0.1446	NP_A272G_K91R	14.46
14	NP	936	C	T	0.1439	NP_C936T_syn	14.39
15	NP	1110	C	T	0.043	NP_C1110T_syn	4.3
16	NP	1185	C	T	0.0427	NP_C1185T_syn	4.2700000000000005
17	NP	1398	C	T	0.04590000000000001	NP_C1398T_syn	4.590000000000001
18	M1	447	C	T	0.0307	M1_C447T_syn	3.0700000000000003
20	M1	639	G	A	0.0194	M1_G639A_syn	1.94
22	M1	655	G	A	0.4985	M1_G655A_V219I	49.85
24	NS1	193	G	A	0.0334	NS1_G193A_V65M	3.34
26	NS1	253	C	T	0.191	NS1_C253T_P85S	19.1
28	NS1	353	G	A	0.02	NS1_G353A_R118K	2.0
30	NS1	408	G	A	0.0344	NS1_G408A_syn	3.44
32	NS1	420	G	A	0.0315	NS1_G420A_syn	3.15
34	NS1	436	C	T	0.2683	NS1_C436T_syn	26.83
36	NS1	537	G	A	0.0462	NS1_G537A_syn	4.62
37	NEP	537	G	A	0.0462	NEP_G537A_R22K	4.62
38	NS1	582	C	T	0.0245	NS1_C582T_syn	2.45
39	NEP	582	C	T	0.0245	NEP_C582T_S37F	2.45
40	NS1	609	G	A	0.1885	NS1_G609A_W203*	18.85
41	NEP	609	G	A	0.1885	NEP_G609A_G46E	18.85
42	NS1	628	G	A	0.030300000000000007	NS1_G628A_G210R	3.0300000000000007
43	NEP	628	G	A	0.030300000000000007	NEP_G628A_M52I	3.0300000000000007
45	NEP	657	A	C	0.0217	NEP_A657C_N62T	2.17
