	gene	POS	REF	ALT	FREQ	SNP	% of population
0	PB2	681	G	A	0.0314	PB2_G681A_syn	3.1399999999999997
1	PB2	1242	G	A	0.0328	PB2_G1242A_syn	3.2800000000000002
2	PB1	330	G	A	0.0122	PB1_G330A_syn	1.22
3	HA	410	G	A	0.9999	HA_G410A_G137E	99.99
4	HA	1324	T	C	0.9997	HA_T1324C_syn	99.97
5	HA	1497	C	T	0.9998	HA_C1497T_syn	99.98
6	NP	111	G	A	0.0235	NP_G111A_syn	2.35
7	NP	436	G	A	0.063	NP_G436A_A146T	6.3
8	NP	922	C	A	0.0208	NP_C922A_Q308K	2.08
9	NA	866	A	G	0.0471	NA_A866G_K289R	4.71
10	NA	903	G	A	1.0	NA_G903A_syn	100.0
11	NA	916	G	A	0.9998	NA_G916A_A306T	99.98
12	NS1	276	C	A	0.0119	NS1_C276A_D92E	1.1900000000000002
