	gene	POS	REF	ALT	FREQ	SNP	% of population
0	PB2	22	A	C	0.1096	PB2_A22C_syn	10.96
1	PB1	515	A	G	0.6878	PB1_A515G_D172G	68.78
2	PB1	810	C	T	0.0212	PB1_C810T_syn	2.12
3	HA	410	G	A	0.9998	HA_G410A_G137E	99.98
4	HA	1324	T	C	0.9990000000000001	HA_T1324C_syn	99.9
5	HA	1497	C	T	0.9998	HA_C1497T_syn	99.98
6	NP	427	C	T	0.2602	NP_C427T_syn	26.02
7	NA	866	A	G	0.9996	NA_A866G_K289R	99.96000000000001
8	NA	903	G	A	0.9998	NA_G903A_syn	99.98
9	NA	916	G	A	1.0	NA_G916A_A306T	100.0
