	gene	POS	REF	ALT	FREQ	SNP	% of population
0	PB2	1199	T	C	0.05	PB2_T1199C_V400A	5.0
1	PB2	1918	G	A	0.107	PB2_G1918A_V640M	10.7
2	PB1	1494	C	T	0.0144	PB1_C1494T_syn	1.44
3	HA	410	G	A	0.9996	HA_G410A_G137E	99.96000000000001
4	HA	1324	T	C	0.9998	HA_T1324C_syn	99.98
5	HA	1497	C	T	0.9992	HA_C1497T_syn	99.92
6	NA	866	A	G	0.9993	NA_A866G_K289R	99.92999999999999
7	NA	903	G	A	0.9998	NA_G903A_syn	99.98
8	NA	916	G	A	0.9998	NA_G916A_A306T	99.98
9	NA	1125	G	A	0.07200000000000001	NA_G1125A_syn	7.200000000000001
11	NEP	832	T	C	0.0366	NEP_T832C_syn	3.66
