	gene	POS	REF	ALT	FREQ	SNP	% of population
0	PB2	1821	G	A	0.011000000000000001	PB2_G1821A_syn	1.1
1	HA	410	G	A	0.9996	HA_G410A_G137E	99.96000000000001
2	HA	1324	T	C	0.9994	HA_T1324C_syn	99.94
3	HA	1497	C	T	0.9996	HA_C1497T_syn	99.96000000000001
4	NA	866	A	G	0.0216	NA_A866G_K289R	2.16
5	NA	903	G	A	0.9997	NA_G903A_syn	99.97
6	NA	916	G	A	0.9997	NA_G916A_A306T	99.97
