	gene	POS	REF	ALT	FREQ	SNP	% of population
0	PB2	1896	G	A	0.0254	PB2_G1896A_syn	2.54
1	PB1	1102	G	A	0.0558	PB1_G1102A_V368I	5.58
2	PA	681	A	G	0.15	PA_A681G_syn	15.0
3	HA	410	G	A	0.9995	HA_G410A_G137E	99.95
4	HA	615	G	A	0.1366	HA_G615A_syn	13.66
5	HA	739	A	C	0.0257	HA_A739C_N247H	2.5700000000000003
6	HA	1324	T	C	0.9998	HA_T1324C_syn	99.98
7	HA	1497	C	T	0.9996	HA_C1497T_syn	99.96000000000001
8	NP	987	G	A	0.0859	NP_G987A_syn	8.59
9	NA	903	G	A	1.0	NA_G903A_syn	100.0
10	NA	916	G	A	0.9999	NA_G916A_A306T	99.99
