	SNP	day1	day3	day5	day7
130	HA_G194A_R65K	0.0	0.0	0.0	1.94
42	HA_G410A_G137E	81.52000000000002	83.0	85.74000000000002	81.65
43	HA_G416T_R139I	1.3	0.0	0.0	0.0
45	HA_G859A_E287K	7.15	5.58	5.23	4.6
