	SNP	day1	day3	day5	day7
44	HA_C607T_syn	1.95	1.7000000000000002	2.72	2.7
131	HA_A609G_syn	0.0	0.0	0.0	5.54
132	HA_G1119A_syn	0.0	0.0	0.0	2.3
93	HA_C1311T_syn	0.0	1.77	0.0	0.0
46	HA_T1324C_syn	82.13000000000002	84.09	84.66	82.38
94	HA_C1455T_syn	0.0	1.68	0.0	0.0
47	HA_C1497T_syn	81.19	81.42	84.61999999999998	80.52
