	SNP	day1	day3	day5	day7
95	M1_C328T_H110Y	0.0	1.98	1.86	1.92
63	M1_G655A_V219I	36.99	60.94000000000001	68.67999999999999	74.32
137	M1_G715A_A239T	0.0	0.0	0.0	1.21
