	SNP	day1	day3	day5	day7
115	NEP_C20T_S7L	0.0	0.0	5.04	0.0
73	NEP_G537A_R22K	5.12	3.88	4.66	9.05
142	NEP_C540T_S23F	0.0	0.0	0.0	2.69
100	NEP_C543T_S24L	0.0	1.26	0.0	0.0
75	NEP_C570T_T33I	1.68	1.13	1.3299999999999998	0.0
102	NEP_C582T_S37F	0.0	1.82	1.83	2.12
77	NEP_G609A_G46E	24.3	17.849999999999994	13.52	12.02
79	NEP_G628A_M52I	1.4	2.94	2.81	4.89
119	NEP_C635T_L55F	0.0	0.0	1.73	2.11
80	NEP_A657C_N62T	1.18	1.28	1.46	0.0
103	NEP_G671A_E67K	0.0	1.5599999999999998	1.35	0.0
104	NEP_A728G_R86G	0.0	1.51	0.0	0.0
