	SNP	day1	day3	day5	day7
111	NP_G78A_syn	0.0	0.0	1.2	0.0
48	NP_C132T_syn	1.15	0.0	1.44	0.0
112	NP_G342A_syn	0.0	0.0	1.23	0.0
50	NP_C936T_syn	12.38	14.63	13.01	7.7
51	NP_C1110T_syn	2.24	5.47	1.28	1.44
135	NP_A1146G_syn	0.0	0.0	0.0	3.64
136	NP_G1182A_syn	0.0	0.0	0.0	3.6000000000000005
52	NP_C1185T_syn	2.75	3.08	3.2	1.95
53	NP_C1353T_syn	1.25	0.0	0.0	1.71
54	NP_C1398T_syn	2.23	3.4799999999999995	3.32	1.96
