	SNP	day1	day3	day5	day7
114	NS1_C20T_S7L	0.0	0.0	5.04	0.0
96	NS1_G143A_S48N	0.0	1.5	0.0	0.0
65	NS1_G193A_V65M	1.68	1.53	1.98	0.0
116	NS1_G208A_E70K	0.0	0.0	2.24	0.0
97	NS1_A215G_E72G	0.0	1.4	0.0	0.0
66	NS1_C253T_P85S	26.340000000000003	17.990000000000006	13.420000000000002	11.79
117	NS1_G301A_D101N	0.0	0.0	2.74	0.0
67	NS1_G353A_R118K	1.51	1.55	3.35	3.32
68	NS1_G357A_M119I	1.26	0.0	0.0	0.0
71	NS1_C484T_P162S	1.62	0.0	1.35	0.0
76	NS1_G609A_W203*	24.3	17.849999999999994	13.52	12.02
78	NS1_G628A_G210R	1.4	2.94	2.81	4.89
118	NS1_C635T_S212F	0.0	0.0	1.73	2.11
