	SNP	day1	day3	day5	day7
25	PA_C249T_syn	2.1	0.0	0.0	0.0
26	PA_A417G_syn	3.95	0.0	0.0	0.0
27	PA_G555A_syn	8.66	32.54	15.46	18.790000000000006
29	PA_C862T_syn	39.07	27.1	14.7	0.0
30	PA_C930T_syn	16.34	8.8	0.0	0.0
90	PA_C948T_syn	0.0	2.24	0.0	0.0
31	PA_C1024T_syn	4.91	0.0	0.0	0.0
91	PA_G1134A_syn	0.0	2.23	0.0	0.0
35	PA_G1602A_syn	14.580000000000002	8.16	0.0	0.0
36	PA_G1671A_syn	4.01	4.2700000000000005	0.0	0.0
37	PA_C1818T_syn	1.69	3.9	0.0	0.0
38	PA_C1842T_syn	13.01	7.62	0.0	0.0
92	PA_A1881G_syn	0.0	2.56	0.0	0.0
39	PA_C1917T_syn	4.62	0.0	0.0	0.0
