	SNP	day1	day3	day5	day7
28	PA_C811T_P271S	8.18	4.92	31.840000000000003	45.18
32	PA_C1070T_T357I	8.23	4.33	30.77	44.48
33	PA_A1076G_N359S	38.26	28.25	15.4	0.0
34	PA_G1552A_V518I	4.89	0.0	0.0	0.0
40	PA_G1924T_A642S	1.83	0.0	0.0	0.0
41	PA_C2014T_L672F	16.05	8.72	3.7000000000000006	0.0
