	SNP	day1	day3	day5	day7
10	PB1_G560A_R187K	2.8400000000000003	3.09	0.0	0.0
11	PB1_G598C_V200L	2.81	1.87	0.0	0.0
125	PB1_G644A_R215K	0.0	0.0	0.0	3.19
13	PB1_G860A_R287K	3.64	3.2	0.0	0.0
15	PB1_T1190C_I397T	2.48	0.0	1.72	0.0
87	PB1_G1390A_D464N	0.0	1.49	0.0	3.6000000000000005
18	PB1_G1688A_R563K	17.14	28.71	8.76	4.52
20	PB1_C1697T_T566I	3.98	4.81	0.0	0.0
88	PB1_G1717A_A573T	0.0	1.7000000000000002	1.58	2.83
22	PB1_T1795C_Y599H	2.36	2.33	0.0	0.0
23	PB1_T1826C_V609A	2.76	3.16	3.0	2.08
128	PB1_A1841G_E614G	0.0	0.0	0.0	1.86
