	SNP	day1	day3	day5	day7
83	PB1_G36A_syn	0.0	4.14	0.0	0.0
84	PB1_A186G_syn	0.0	1.46	1.16	3.35
7	PB1_A270G_syn	3.67	1.7000000000000002	2.92	4.1099999999999985
85	PB1_G345A_syn	0.0	2.12	0.0	0.0
8	PB1_C471T_syn	2.04	1.66	1.55	2.65
9	PB1_G513A_syn	2.06	1.72	1.73	2.96
12	PB1_C664T_syn	3.22	3.25	0.0	0.0
126	PB1_G861A_syn	0.0	0.0	0.0	3.84
106	PB1_C1008T_syn	0.0	0.0	6.38	0.0
14	PB1_C1186T_syn	2.8000000000000003	2.8400000000000003	1.37	0.0
86	PB1_T1243C_syn	0.0	2.33	0.0	0.0
107	PB1_C1254T_syn	0.0	0.0	1.7399999999999998	0.0
16	PB1_G1380A_syn	4.96	5.92	0.0	0.0
108	PB1_A1386G_syn	0.0	0.0	6.5600000000000005	0.0
109	PB1_G1395A_syn	0.0	0.0	1.98	0.0
17	PB1_C1494T_syn	15.39	26.02	8.3	5.81
127	PB1_G1593A_syn	0.0	0.0	0.0	2.76
19	PB1_G1689A_syn	2.0500000000000003	0.0	1.28	0.0
21	PB1_C1735T_syn	4.5	1.68	3.5000000000000004	4.12
110	PB1_T1881C_syn	0.0	0.0	6.22	0.0
129	PB1_C2016T_syn	0.0	0.0	0.0	3.08
24	PB1_A2037G_syn	4.23	2.1	4.69	4.52
89	PB1_C2139T_syn	0.0	1.9	1.73	3.02
