	SNP	day1	day3	day5	day7
81	PB2_A7C_syn	0.0	3.5000000000000004	0.0	0.0
0	PB2_G96A_syn	57.38	39.82	30.47	30.06
121	PB2_C585T_syn	0.0	0.0	0.0	2.0
122	PB2_G681A_syn	0.0	0.0	0.0	2.3800000000000003
2	PB2_C1326T_syn	1.53	5.7799999999999985	1.6	0.0
123	PB2_G1821A_syn	0.0	0.0	0.0	2.19
3	PB2_G1896A_syn	4.03	2.14	1.24	0.0
4	PB2_A1923G_syn	2.12	2.17	0.0	0.0
5	PB2_C1971T_syn	1.7500000000000002	5.0200000000000005	1.7000000000000002	0.0
