	SNP	day1	day3	day5	day7
120	PB2_G209A_R70K	0.0	0.0	0.0	1.44
1	PB2_T246G_N82K	47.62000000000001	32.879999999999995	24.38	23.7
105	PB2_G259A_D87N	0.0	0.0	2.3800000000000003	0.0
124	PB2_A1880G_E627G	0.0	0.0	0.0	2.76
6	PB2_G2101A_D701N	2.7	9.28	42.24	56.52
82	PB2_A2239G_S747G	0.0	5.06	0.0	0.0
