	SNP	day3	day5	day7	day9
0	PB2_G185A_R62K	7.380000000000001	0.0	0.0	0.0
15	PB2_G448A_G150S	0.0	0.0	1.3	0.0
1	PB2_G524A_R175K	6.36	0.0	0.0	0.0
20	PB2_A767G_D256G	0.0	0.0	0.0	3.2099999999999995
2	PB2_G1963A_V655M	4.25	0.0	0.0	0.0
