	SNP	day1	day3	day5	day7
91	M1_C328T_H110Y	0.0	1.83	1.0699999999999998	0.0
62	M1_G655A_V219I	38.04	60.03	58.32000000000001	61.16
