	SNP	day1	day3	day5	day7
69	NEP_G537A_R22K	5.06	6.800000000000002	3.43	0.0
110	NEP_C540T_S23F	0.0	0.0	1.25	0.0
97	NEP_C570T_T33I	0.0	1.97	0.0	0.0
71	NEP_C582T_S37F	1.16	1.36	0.0	0.0
117	NEP_C590T_L40F	0.0	0.0	0.0	1.1
73	NEP_G609A_G46E	23.64	17.3	11.55	21.26
75	NEP_G628A_M52I	1.16	3.0700000000000003	2.0500000000000003	0.0
112	NEP_C635T_L55F	0.0	0.0	17.73	0.0
76	NEP_A657C_N62T	1.4200000000000002	1.84	0.0	0.0
