	SNP	day1	day3	day5	day7
90	NP_A100G_S34G	0.0	1.48	0.0	0.0
49	NP_A272G_K91R	11.26	21.28	13.239999999999998	31.1
50	NP_A715G_M239V	1.37	0.0	0.0	0.0
114	NP_G874T_E292*	0.0	0.0	0.0	3.5000000000000004
