	SNP	day1	day3	day5	day7
63	NS1_G193A_V65M	2.14	2.14	0.0	0.0
64	NS1_C253T_P85S	25.36	18.32	10.91	21.49
65	NS1_G301A_D101N	1.18	0.0	1.11	0.0
66	NS1_G353A_R118K	1.98	4.8599999999999985	11.02	5.0
92	NS1_A380C_N127T	0.0	2.15	1.38	0.0
95	NS1_C484T_P162S	0.0	1.89	0.0	0.0
116	NS1_C590T_T197I	0.0	0.0	0.0	1.1
72	NS1_G609A_W203*	23.64	17.3	11.55	21.26
74	NS1_G628A_G210R	1.16	3.0700000000000003	2.0500000000000003	0.0
111	NS1_C635T_S212F	0.0	0.0	17.73	0.0
