	SNP	day1	day3	day5	day7
93	NS1_G408A_syn	0.0	1.1900000000000002	0.0	0.0
94	NS1_G420A_syn	0.0	2.48	0.0	0.0
67	NS1_C436T_syn	22.18	18.91	14.93	30.8
68	NS1_G537A_syn	5.06	6.800000000000002	3.43	0.0
109	NS1_C540T_syn	0.0	0.0	1.25	0.0
96	NS1_C570T_syn	0.0	1.97	0.0	0.0
70	NS1_C582T_syn	1.16	1.36	0.0	0.0
