	SNP	day1	day3	day5	day7
105	PA_C165T_syn	0.0	0.0	7.31	0.0
85	PA_C249T_syn	0.0	1.89	0.0	0.0
25	PA_A417G_syn	2.82	3.84	14.6	0.0
26	PA_G426A_syn	6.03	5.52	17.740000000000006	0.0
27	PA_G555A_syn	10.46	9.08	7.82	0.0
29	PA_C862T_syn	41.1	27.950000000000006	15.25	0.0
30	PA_C930T_syn	12.509999999999998	8.34	0.0	0.0
31	PA_C1024T_syn	3.83	4.18	15.98	0.0
35	PA_G1602A_syn	11.74	9.38	0.0	0.0
36	PA_G1671A_syn	3.2300000000000004	2.78	0.0	0.0
37	PA_C1818T_syn	1.28	0.0	0.0	0.0
38	PA_C1842T_syn	10.62	7.1099999999999985	0.0	0.0
88	PA_A1872T_syn	0.0	3.22	0.0	0.0
39	PA_C1917T_syn	3.66	4.17	14.54	0.0
106	PA_C2026T_syn	0.0	0.0	10.82	0.0
