	SNP	day1	day3	day5	day7
8	PB1_G36A_syn	2.76	0.0	0.0	0.0
9	PB1_A270G_syn	4.34	2.8400000000000003	1.7399999999999998	0.0
81	PB1_G411A_syn	0.0	2.07	0.0	0.0
99	PB1_C471T_syn	0.0	0.0	1.24	0.0
100	PB1_G513A_syn	0.0	0.0	1.1	0.0
101	PB1_A618G_syn	0.0	0.0	1.27	0.0
12	PB1_C664T_syn	1.52	1.25	0.0	0.0
14	PB1_C1186T_syn	2.92	3.0700000000000003	1.38	0.0
16	PB1_T1243C_syn	1.87	1.9	0.0	0.0
17	PB1_G1380A_syn	3.56	2.62	1.18	0.0
18	PB1_C1494T_syn	13.97	12.14	27.91	0.0
102	PB1_G1524A_syn	0.0	0.0	4.590000000000002	0.0
21	PB1_C1735T_syn	4.2799999999999985	2.72	1.92	0.0
84	PB1_C2016T_syn	0.0	2.32	0.0	0.0
24	PB1_A2037G_syn	5.34	3.98	6.11	0.0
104	PB1_C2139T_syn	0.0	0.0	1.63	0.0
