	SNP	day1	day3	day5	day7
1	PB2_T246G_N82K	46.34	31.62	15.840000000000002	28.300000000000004
77	PB2_G259A_D87N	0.0	2.17	0.0	0.0
7	PB2_G2101A_D701N	3.5700000000000003	27.28	37.83000000000001	28.49
