	SNP	day1	day3	day5	day7
0	PB2_G96A_syn	52.790000000000006	37.7	23.68	27.07
2	PB2_G273T_syn	1.4200000000000002	1.68	0.0	0.0
98	PB2_G624A_syn	0.0	0.0	19.85	0.0
78	PB2_C1035T_syn	0.0	1.01	0.0	0.0
79	PB2_C1120T_syn	0.0	1.3	0.0	0.0
3	PB2_C1326T_syn	2.91	2.28	2.07	0.0
80	PB2_A1860G_syn	0.0	1.73	11.69	0.0
4	PB2_G1896A_syn	3.26	6.1400000000000015	6.08	10.16
5	PB2_A1923G_syn	1.9	1.35	0.0	0.0
6	PB2_C1971T_syn	2.33	2.27	1.84	0.0
