	SNP	day5	day7	day9	day11
27	NEP_G537A_R22K	0.0	0.0	34.239999999999995	16.580000000000002
19	NEP_G609A_G46E	2.82	1.76	2.52	0.0
28	NEP_G671A_E67K	0.0	0.0	2.65	0.0
