	SNP	day5	day7	day9	day11
32	NS1_C39T_syn	0.0	0.0	0.0	1.08
17	NS1_C436T_syn	95.51	97.14	58.38	79.47999999999998
26	NS1_G537A_syn	0.0	0.0	34.239999999999995	16.580000000000002
