	SNP	day1	day3	day5
4	HA_C381A_D127E	21.66	33.629999999999995	22.1
5	HA_A385G_N129D	5.7799999999999985	5.9	1.79
26	HA_G391A_G131S	0.0	3.56	0.0
6	HA_A424G_K142E	3.16	0.0	0.0
8	HA_G464A_G155E	3.72	1.7500000000000002	37.97
9	HA_T547C_S183P	29.770000000000003	28.82	21.17
10	HA_C571A_L191I	24.38	11.92	45.89
11	HA_C584A_A195E	1.59	1.13	0.0
12	HA_A589G_T197A	4.45	3.44	2.51
13	HA_A626C_K209T	1.3299999999999998	1.43	0.0
14	HA_C644T_A215V	2.24	0.0	0.0
30	HA_G664A_D222N	0.0	0.0	1.68
31	HA_A665G_D222G	0.0	0.0	2.58
15	HA_C788T_S263F	1.26	0.0	0.0
32	HA_A1351G_S451G	0.0	0.0	1.66
