	SNP	day1	day3	day5
4	HA_C432A_D144E	21.66	33.629999999999995	22.1
5	HA_A436G_N146D	5.7799999999999985	5.9	1.79
26	HA_G442A_G148S	0.0	3.56	0.0
6	HA_A475G_K159E	3.16	0.0	0.0
8	HA_G515A_G172E	3.72	1.7500000000000002	37.97
9	HA_T598C_S200P	29.770000000000003	28.82	21.17
10	HA_C622A_L208I	24.38	11.92	45.89
11	HA_C635A_A212E	1.59	1.13	0.0
12	HA_A640G_T214A	4.45	3.44	2.51
13	HA_A677C_K226T	1.3299999999999998	1.43	0.0
14	HA_C695T_A232V	2.24	0.0	0.0
30	HA_G715A_D239N	0.0	0.0	1.68
31	HA_A716G_D239G	0.0	0.0	2.58
15	HA_C839T_S280F	1.26	0.0	0.0
32	HA_A1402G_S468G	0.0	0.0	1.66
