	SNP	day1	day3	day5	day7
2	HA_C432A_D144E	26.200000000000006	29.71	47.18	69.22
3	HA_A436G_N146D	2.04	1.41	2.09	0.0
4	HA_G442A_G148S	1.05	0.0	0.0	0.0
23	HA_G469A_G157R	0.0	0.0	1.58	0.0
5	HA_A475G_K159E	3.0	0.0	0.0	0.0
7	HA_G515A_G172E	5.67	3.14	2.04	0.0
8	HA_T598C_S200P	25.840000000000003	29.020000000000003	35.80999999999999	66.44
9	HA_C622A_L208I	27.34	23.55	15.079999999999998	5.12
10	HA_C635A_A212E	2.44	1.7000000000000002	1.28	0.0
11	HA_A640G_T214A	4.36	3.4000000000000004	4.47	1.29
12	HA_A677C_K226T	2.47	1.89	0.0	0.0
13	HA_C695T_A232V	2.04	0.0	0.0	0.0
27	HA_G715A_D239N	0.0	0.0	0.0	10.86
28	HA_A716G_D239G	0.0	0.0	0.0	23.35
14	HA_C839T_S280F	1.54	1.16	0.0	1.23
