	SNP	day1	day3	day5	day7
5	HA_A340G_K142E	3.0	0.0	0.0	0.0
2	HA_C381A_D127E	26.200000000000006	29.71	47.18	69.22
3	HA_A385G_N129D	2.04	1.41	2.09	0.0
4	HA_G391A_G131S	1.05	0.0	0.0	0.0
24	HA_G418A_G140R	0.0	0.0	1.58	0.0
7	HA_G464A_G155E	5.67	3.14	2.04	0.0
8	HA_T547C_S183P	25.840000000000003	29.020000000000003	35.80999999999999	66.44
9	HA_C571A_L191I	27.34	23.55	15.079999999999998	5.12
12	HA_A575C_K209T	2.47	0.0	0.0	0.0
10	HA_C584A_A195E	2.44	1.7000000000000002	1.28	0.0
11	HA_A589G_T197A	4.36	3.4000000000000004	4.47	1.29
19	HA_A626C_K209T	0.0	1.89	0.0	0.0
13	HA_C644T_A215V	2.04	0.0	0.0	0.0
28	HA_G664A_D222N	0.0	0.0	0.0	10.86
29	HA_A665G_D222G	0.0	0.0	0.0	23.35
14	HA_C788T_S263F	1.54	1.16	0.0	1.23
