	SNP	day1	day3	day5	day7
29	NP_T84A_syn	0.0	0.0	0.0	1.66
31	NP_G309A_syn	0.0	0.0	0.0	2.65
19	NP_C765T_syn	0.0	2.58	2.0500000000000003	0.0
15	NP_G885A_syn	2.11	2.74	2.6100000000000003	6.260000000000002
