	SNP	day1	day3	day5	day7
16	NS1_G459A_syn	1.7000000000000002	1.68	3.5700000000000003	7.16
32	NS1_A531G_syn	0.0	0.0	0.0	5.71
