	SNP	day1	day3	day5
109	M1_C108T_syn	0.0	1.66	0.0
87	M1_C250T_syn	1.4500000000000002	0.0	0.0
127	M1_G339A_syn	0.0	0.0	1.13
88	M1_C381T_syn	1.55	0.0	0.0
128	M1_G459A_syn	0.0	0.0	1.76
90	M1_C666T_syn	3.54	2.5700000000000003	2.62
