	SNP	day1	day3	day5
106	NP_G51A_syn	0.0	3.81	2.12
68	NP_G162A_syn	1.37	0.0	0.0
124	NP_T459C_syn	0.0	0.0	1.16
69	NP_C768T_syn	1.2	0.0	1.8000000000000005
125	NP_C825T_syn	0.0	0.0	1.5
71	NP_G1011A_syn	1.31	0.0	2.13
72	NP_C1029T_syn	1.44	0.0	0.0
73	NP_G1071A_syn	10.89	15.82	19.66
75	NP_C1251T_syn	4.2799999999999985	4.68	3.69
