	SNP	day1	day3	day5
66	NP_G101A_S34N	2.3800000000000003	1.38	0.0
67	NP_G149A_S50N	2.48	1.2	0.0
107	NP_G350A_R117K	0.0	2.07	0.0
70	NP_G850A_A284T	5.96	4.3900000000000015	2.68
74	NP_G1117A_A373T	11.28	16.439999999999998	20.02
