	SNP	day1	day3	day5
36	PA_C799T_P267S	2.2	0.0	0.0
37	PA_C802T_L268F	2.98	5.33	10.92
40	PA_G1027A_A343T	2.28	4.25	0.0
41	PA_G1039A_D347N	2.07	0.0	0.0
42	PA_A1046G_E349G	7.76	12.77	11.7
45	PA_A1226G_N409S	4.8	0.0	4.75
49	PA_G1867A_E623K	7.27	9.210000000000004	7.89
50	PA_G1879A_G627R	1.32	0.0	0.0
52	PA_A2063G_E688G	1.7500000000000002	0.0	0.0
