	SNP	day1	day3	day5
29	PA_G21A_syn	2.14	0.0	0.0
30	PA_C156T_syn	1.97	0.0	4.2799999999999985
31	PA_G216A_syn	4.82	6.32	3.68
32	PA_T480C_syn	3.76	0.0	0.0
33	PA_C483T_syn	1.54	0.0	0.0
34	PA_C501T_syn	2.26	0.0	0.0
35	PA_C781T_syn	2.94	0.0	4.4
38	PA_G879A_syn	2.08	0.0	2.0
39	PA_C888T_syn	5.489999999999998	13.38	5.6
43	PA_C1140T_syn	2.68	0.0	0.0
44	PA_C1167T_syn	1.4	0.0	0.0
46	PA_C1249T_syn	1.5	0.0	0.0
47	PA_G1446A_syn	2.28	0.0	0.0
48	PA_G1812A_syn	1.4200000000000002	0.0	1.69
51	PA_T2022C_syn	2.03	0.0	3.76
