	SNP	day1	day3	day5
95	PB2_A88C_I30L	0.0	9.85	4.42
1	PB2_G185A_R62K	1.17	0.0	1.5
3	PB2_A260G_D87G	1.82	1.6	2.68
96	PB2_G325A_V109I	0.0	3.15	0.0
97	PB2_A349C_T117P	0.0	1.3	0.0
4	PB2_A441G_I147M	1.31	0.0	0.0
6	PB2_G752A_R251K	1.98	2.49	1.62
110	PB2_G1409A_S470N	0.0	0.0	1.4200000000000002
101	PB2_C1412T_T471I	0.0	1.81	0.0
111	PB2_A1577G_K526R	0.0	0.0	8.03
102	PB2_G1699A_D567N	0.0	11.14	9.22
20	PB2_T1943C_V648A	1.59	0.0	1.38
22	PB2_G2050A_A684T	1.67	6.77	3.32
23	PB2_C2150T_A717V	1.15	0.0	1.5699999999999998
