	SNP	day1	day3	day5
0	PB2_C93T_syn	2.1	0.0	2.52
2	PB2_G216A_syn	4.42	2.41	5.1400000000000015
98	PB2_C714T_syn	0.0	2.58	0.0
5	PB2_C732T_syn	1.5599999999999998	0.0	1.7399999999999998
7	PB2_C990T_syn	28.49	24.88	20.18
8	PB2_A1023G_syn	1.09	0.0	1.93
9	PB2_A1077G_syn	3.16	3.5000000000000004	3.24
10	PB2_G1083A_syn	14.89	14.82	19.040000000000006
11	PB2_G1125A_syn	2.28	1.5699999999999998	3.17
12	PB2_C1134T_syn	4.33	3.2300000000000004	4.36
99	PB2_G1164A_syn	0.0	11.4	8.459999999999999
13	PB2_G1278A_syn	4.64	2.19	5.12
14	PB2_C1282T_syn	1.55	0.0	1.25
15	PB2_C1290T_syn	14.17	14.330000000000002	17.34
16	PB2_G1308A_syn	1.26	2.07	0.0
100	PB2_G1320A_syn	0.0	1.32	0.0
17	PB2_G1329A_syn	14.000000000000002	15.079999999999998	19.26
18	PB2_C1333T_syn	1.68	0.0	3.0
19	PB2_C1819T_syn	28.51	25.27	18.46
112	PB2_C1968T_syn	0.0	0.0	1.55
21	PB2_C1977T_syn	5.0200000000000005	2.27	5.15
