	index	contact	neutral expectation
1-10%	0.8631578947368421	1.0	0.5010935880000185
10-20%	0.06315789473684211	0.0	0.1508442006228939
20-30%	0.021052631578947368	0.0	0.08823820081565178
30-40%	0.042105263157894736	0.0	0.06260599980724213
40-50%	0.010526315789473684	0.0	0.048560986131335304
50-60%	0.0	0.0	0.039677214684316474
60-70%	0.0	0.0	0.0335466070210863
70-80%	0.0	0.0	0.029059392786155817
80-90%	0.0	0.0	0.0256322010084097
90-99%	0.0	0.0	0.020741609122890026
