	gene	shannon index
0	PB2	0.0016691640893204314
1	PB1	0.00047716112214452283
2	PA	0.0014167801213584418
3	HA	0.0027621840700163083
4	NP	0.0010395134141310443
5	NA	0.0016060535759882281
6	MP	0.0006188197524273316
7	NS	0.000832766235809851
