	gene	shannon index
0	PB2	0.0
1	PB1	5.848715918264695e-05
2	PA	8.848994128078072e-07
3	HA	2.2619353974445554e-06
4	NP	0.0
5	NA	6.630758353685803e-06
6	MP	0.0
7	NS	0.0
