	gene	shannon index
0	PB2	0.0
1	PB1	0.00010375531906256044
2	PA	0.00014946585686119313
3	HA	0.001657587700571246
4	NP	0.00015232930495151045
5	NA	0.0
6	MP	0.0
7	NS	0.00012178975510865785
