	gene	shannon index
0	PB2	0.0002506389791272036
1	PB1	0.00017419377297990757
2	PA	0.0007602545545605696
3	HA	0.0007329160814839382
4	NP	9.024021804418468e-05
5	NA	0.0
6	MP	0.0
7	NS	0.0020585005904536356
