	gene	shannon index
0	PB2	0.001273522593776814
1	PB1	0.0011835912755857403
2	PA	0.002557386005375566
3	HA	0.0010592213545351937
4	NP	0.0010995234040777986
5	NA	0.00023194875656043826
6	MP	0.001295428498457905
7	NS	0.0061859495359081985
