	gene	shannon index
0	PB2	0.0
1	PB1	0.0001577674537455657
2	PA	0.0001258375337501606
3	HA	8.567945696388124e-05
4	NP	0.0001251691282493343
5	NA	1.1467648664001602e-05
6	MP	0.00015354451591263123
7	NS	0.0008660095233602756
